context,distance,strategy,overlap_with_golddigger,fit_mean,fit_min,below_floor,novelty_mean,redundancy,role_dup
f96808653f5e:0,10,random,0.0,0.540135370796935,0.25314531509396054,0.25,0.4659977064220183,0.24104788899421692,0.125
f96808653f5e:0,10,metadata,0.0,0.818864763260102,0.7915286966001727,0.0,0.7289564220183486,0.3942743241786957,0.0
f96808653f5e:0,10,nearest,0.0,0.3802823611696944,0.16274966652993636,0.625,0.0020642201834862386,0.9285425543785095,1.0
f96808653f5e:0,10,inverse,0.14285714285714285,0.4409650231481074,0.2414226675321404,0.625,0.10022935779816514,0.7699828147888184,0.125
f96808653f5e:0,10,band_nofit,0.23076923076923078,0.39169035231399263,0.1933864686750576,0.625,0.10384174311926606,0.47788554430007935,0.625
f96808653f5e:0,10,golddigger,1.0,0.5209676965484844,0.451884821175608,0.0,0.09885321100917432,0.5649527311325073,0.625
f96808653f5e:0,30,random,0.0,0.540135370796935,0.25314531509396054,0.25,0.4659977064220183,0.24104788899421692,0.125
f96808653f5e:0,30,metadata,0.0,0.818864763260102,0.7915286966001727,0.0,0.7289564220183486,0.3942743241786957,0.0
f96808653f5e:0,30,nearest,0.0,0.3802823611696944,0.16274966652993636,0.625,0.0020642201834862386,0.9285425543785095,1.0
f96808653f5e:0,30,inverse,0.06666666666666667,0.3515533190083526,0.05300297703491573,0.625,0.3002293577981652,0.3330320417881012,0.625
f96808653f5e:0,30,band_nofit,0.23076923076923078,0.41021882133785703,0.21051744592123015,0.625,0.30108944954128447,0.28503021597862244,0.375
f96808653f5e:0,30,golddigger,1.0,0.6576123011244204,0.5904644259716625,0.0,0.30160550458715596,0.34965038299560547,0.0
f96808653f5e:0,50,random,0.0,0.540135370796935,0.25314531509396054,0.25,0.4659977064220183,0.24104788899421692,0.125
f96808653f5e:0,50,metadata,0.0,0.818864763260102,0.7915286966001727,0.0,0.7289564220183486,0.3942743241786957,0.0
f96808653f5e:0,50,nearest,0.0,0.3802823611696944,0.16274966652993636,0.625,0.0020642201834862386,0.9285425543785095,1.0
f96808653f5e:0,50,inverse,0.14285714285714285,0.48009324293920486,0.24117364771543556,0.5,0.49977064220183487,0.306926965713501,0.375
f96808653f5e:0,50,band_nofit,0.14285714285714285,0.4975766040909139,0.20426906777783882,0.375,0.49936926605504584,0.2844659388065338,0.0
f96808653f5e:0,50,golddigger,1.0,0.6527683757273286,0.4600483677526106,0.0,0.5000573394495413,0.23486287891864777,0.0
f96808653f5e:0,70,random,0.0,0.540135370796935,0.25314531509396054,0.25,0.4659977064220183,0.24104788899421692,0.125
f96808653f5e:0,70,metadata,0.0,0.818864763260102,0.7915286966001727,0.0,0.7289564220183486,0.3942743241786957,0.0
f96808653f5e:0,70,nearest,0.0,0.3802823611696944,0.16274966652993636,0.625,0.0020642201834862386,0.9285425543785095,1.0
f96808653f5e:0,70,inverse,0.06666666666666667,0.337943687916595,0.19369921481438118,0.875,0.6997706422018348,0.4791421890258789,0.0
f96808653f5e:0,70,band_nofit,0.14285714285714285,0.4998120359435484,0.24102172553255521,0.5,0.7005733944954129,0.32530349493026733,0.125
f96808653f5e:0,70,golddigger,1.0,0.695082484565301,0.5946037331944527,0.0,0.6999426605504588,0.39490053057670593,0.0
f96808653f5e:0,90,random,0.0,0.540135370796935,0.25314531509396054,0.25,0.4659977064220183,0.24104788899421692,0.125
f96808653f5e:0,90,metadata,0.0,0.818864763260102,0.7915286966001727,0.0,0.7289564220183486,0.3942743241786957,0.0
f96808653f5e:0,90,nearest,0.0,0.3802823611696944,0.16274966652993636,0.625,0.0020642201834862386,0.9285425543785095,1.0
f96808653f5e:0,90,inverse,0.45454545454545453,0.6221296079429951,0.24211386084655948,0.125,0.899770642201835,0.4106724262237549,0.0
f96808653f5e:0,90,band_nofit,0.45454545454545453,0.5198614545616811,0.08466128034074016,0.375,0.8998853211009175,0.31383195519447327,0.0
f96808653f5e:0,90,golddigger,1.0,0.6814600280718506,0.4798854055879893,0.0,0.8985665137614679,0.336108922958374,0.0
709dc7037600:0,10,random,0.0,0.6360004933717127,0.43683247875083103,0.25,0.41278669724770645,0.3262341618537903,0.25
709dc7037600:0,10,metadata,0.0,0.7418304477458726,0.7409295595060169,0.0,0.45877293577981654,0.7137680053710938,0.0
709dc7037600:0,10,nearest,0.0,0.4524249031652209,0.4444958546045588,0.75,0.0020642201834862386,0.8505764007568359,1.0
709dc7037600:0,10,inverse,0.45454545454545453,0.603723503506898,0.4380773004112159,0.125,0.09977064220183487,0.42468735575675964,0.25
709dc7037600:0,10,band_nofit,0.6,0.6040035291936365,0.4380773004112159,0.125,0.09891055045871561,0.39009520411491394,0.25
709dc7037600:0,10,golddigger,1.0,0.6372423858742703,0.45934755245380726,0.0,0.09908256880733946,0.39131027460098267,0.125
709dc7037600:0,30,random,0.0,0.6360004933717127,0.43683247875083103,0.25,0.41278669724770645,0.3262341618537903,0.25
709dc7037600:0,30,metadata,0.0,0.7418304477458726,0.7409295595060169,0.0,0.45877293577981654,0.7137680053710938,0.0
709dc7037600:0,30,nearest,0.0,0.4524249031652209,0.4444958546045588,0.75,0.0020642201834862386,0.8505764007568359,1.0
709dc7037600:0,30,inverse,0.14285714285714285,0.6368530887083429,0.44900407581795565,0.125,0.3002293577981652,0.4345625340938568,0.125
709dc7037600:0,30,band_nofit,0.7777777777777778,0.6632026879287907,0.43487523669873673,0.125,0.2978784403669725,0.2904989421367645,0.125
709dc7037600:0,30,golddigger,1.0,0.6978549540913961,0.5991147479259838,0.0,0.29908256880733947,0.31798940896987915,0.0
709dc7037600:0,50,random,0.0,0.6360004933717127,0.43683247875083103,0.25,0.41278669724770645,0.3262341618537903,0.25
709dc7037600:0,50,metadata,0.0,0.7418304477458726,0.7409295595060169,0.0,0.45877293577981654,0.7137680053710938,0.0
709dc7037600:0,50,nearest,0.0,0.4524249031652209,0.4444958546045588,0.75,0.0020642201834862386,0.8505764007568359,1.0
709dc7037600:0,50,inverse,0.3333333333333333,0.6791956987917892,0.4487988293415082,0.125,0.49977064220183487,0.35716700553894043,0.125
709dc7037600:0,50,band_nofit,0.7777777777777778,0.6626335334482208,0.4487988293415082,0.125,0.49833715596330275,0.2895515263080597,0.125
709dc7037600:0,50,golddigger,1.0,0.6955782633139975,0.5779057684572722,0.0,0.49850917431192665,0.3000588119029999,0.0
709dc7037600:0,70,random,0.0,0.6360004933717127,0.43683247875083103,0.25,0.41278669724770645,0.3262341618537903,0.25
709dc7037600:0,70,metadata,0.0,0.7418304477458726,0.7409295595060169,0.0,0.45877293577981654,0.7137680053710938,0.0
709dc7037600:0,70,nearest,0.0,0.4524249031652209,0.4444958546045588,0.75,0.0020642201834862386,0.8505764007568359,1.0
709dc7037600:0,70,inverse,0.45454545454545453,0.7080999142150364,0.679612838602903,0.0,0.6997706422018348,0.28340572118759155,0.0
709dc7037600:0,70,band_nofit,1.0,0.6904951957893918,0.6025434443791213,0.0,0.6989678899082569,0.22965338826179504,0.0
709dc7037600:0,70,golddigger,1.0,0.6904951957893918,0.6025434443791213,0.0,0.6989678899082569,0.22965338826179504,0.0
709dc7037600:0,90,random,0.0,0.6360004933717127,0.43683247875083103,0.25,0.41278669724770645,0.3262341618537903,0.25
709dc7037600:0,90,metadata,0.06666666666666667,0.7418304477458726,0.7409295595060169,0.0,0.45877293577981654,0.7137680053710938,0.0
709dc7037600:0,90,nearest,0.0,0.4524249031652209,0.4444958546045588,0.75,0.0020642201834862386,0.8505764007568359,1.0
709dc7037600:0,90,inverse,0.14285714285714285,0.6707730977837915,0.5961950599460366,0.0,0.899770642201835,0.4153638184070587,0.0
709dc7037600:0,90,band_nofit,1.0,0.7135700442668113,0.6808020828653552,0.0,0.9011467889908258,0.14695820212364197,0.0
709dc7037600:0,90,golddigger,1.0,0.7135700442668113,0.6808020828653552,0.0,0.9011467889908258,0.14695820212364197,0.0
4a43447c8188:0,10,random,0.0,0.5887426893943247,0.5528083951676656,0.0,0.34925458715596336,0.4234265387058258,nan
4a43447c8188:0,10,metadata,0.0,0.6560732644296439,0.6520188988012124,0.0,0.010321100917431193,0.8171623945236206,nan
4a43447c8188:0,10,nearest,0.0,0.5594085458390772,0.5022232091812436,0.0,0.0020642201834862386,0.9631904363632202,nan
4a43447c8188:0,10,inverse,0.3333333333333333,0.5842459231850001,0.5204247125940332,0.0,0.10022935779816515,0.384113609790802,nan
4a43447c8188:0,10,band_nofit,1.0,0.5913888125376263,0.5204247125940332,0.0,0.10022935779816514,0.2689310908317566,nan
4a43447c8188:0,10,golddigger,1.0,0.5913888125376263,0.5204247125940332,0.0,0.10022935779816514,0.2689310908317566,nan
4a43447c8188:0,30,random,0.0,0.5887426893943247,0.5528083951676656,0.0,0.34925458715596336,0.4234265387058258,nan
4a43447c8188:0,30,metadata,0.0,0.6560732644296439,0.6520188988012124,0.0,0.010321100917431193,0.8171623945236206,nan
4a43447c8188:0,30,nearest,0.0,0.5594085458390772,0.5022232091812436,0.0,0.0020642201834862386,0.9631904363632202,nan
4a43447c8188:0,30,inverse,0.3333333333333333,0.5983125814050364,0.585841372864484,0.0,0.2997706422018349,0.30192631483078003,nan
4a43447c8188:0,30,band_nofit,1.0,0.5964678991848454,0.5797344196612944,0.0,0.3025229357798166,0.23295311629772186,nan
4a43447c8188:0,30,golddigger,1.0,0.5964678991848454,0.5797344196612944,0.0,0.3025229357798166,0.23295311629772186,nan
4a43447c8188:0,50,random,0.0,0.5887426893943247,0.5528083951676656,0.0,0.34925458715596336,0.4234265387058258,nan
4a43447c8188:0,50,metadata,0.0,0.6560732644296439,0.6520188988012124,0.0,0.010321100917431193,0.8171623945236206,nan
4a43447c8188:0,50,nearest,0.0,0.5594085458390772,0.5022232091812436,0.0,0.0020642201834862386,0.9631904363632202,nan
4a43447c8188:0,50,inverse,0.3333333333333333,0.5993529774389847,0.5859441365964523,0.0,0.49977064220183487,0.3283514678478241,nan
4a43447c8188:0,50,band_nofit,1.0,0.5964045432405164,0.5836786373739794,0.0,0.49827981651376146,0.2465822696685791,nan
4a43447c8188:0,50,golddigger,1.0,0.5964045432405164,0.5836786373739794,0.0,0.49827981651376146,0.2465822696685791,nan
4a43447c8188:0,70,random,0.0,0.5887426893943247,0.5528083951676656,0.0,0.34925458715596336,0.4234265387058258,nan
4a43447c8188:0,70,metadata,0.0,0.6560732644296439,0.6520188988012124,0.0,0.010321100917431193,0.8171623945236206,nan
4a43447c8188:0,70,nearest,0.0,0.5594085458390772,0.5022232091812436,0.0,0.0020642201834862386,0.9631904363632202,nan
4a43447c8188:0,70,inverse,0.14285714285714285,0.5973077008300636,0.5742701004998397,0.0,0.6997706422018348,0.49375206232070923,nan
4a43447c8188:0,70,band_nofit,1.0,0.5972339888655565,0.5742701004998397,0.0,0.7003440366972478,0.2705290615558624,nan
4a43447c8188:0,70,golddigger,1.0,0.5972339888655565,0.5742701004998397,0.0,0.7003440366972478,0.2705290615558624,nan
4a43447c8188:0,90,random,0.0,0.5887426893943247,0.5528083951676656,0.0,0.34925458715596336,0.4234265387058258,nan
4a43447c8188:0,90,metadata,0.0,0.6560732644296439,0.6520188988012124,0.0,0.010321100917431193,0.8171623945236206,nan
4a43447c8188:0,90,nearest,0.0,0.5594085458390772,0.5022232091812436,0.0,0.0020642201834862386,0.9631904363632202,nan
4a43447c8188:0,90,inverse,0.23076923076923078,0.6005100031185253,0.5976801654317417,0.0,0.899770642201835,0.5040318369865417,nan
4a43447c8188:0,90,band_nofit,1.0,0.6048749871692223,0.595012765011372,0.0,0.9011467889908258,0.3615703880786896,nan
4a43447c8188:0,90,golddigger,1.0,0.6048749871692223,0.595012765011372,0.0,0.9011467889908258,0.3615703880786896,nan
f0fcbc226851:0,10,random,0.0,0.6483057439906035,0.4395091208380715,0.125,0.5297591743119267,0.39049404859542847,0.125
f0fcbc226851:0,10,metadata,0.0,0.7431668702930152,0.7414440273080961,0.0,0.28532110091743124,0.5085602402687073,0.0
f0fcbc226851:0,10,nearest,0.0,0.446831211977054,0.43763466204425683,0.875,0.0020642201834862386,0.8687504529953003,1.0
f0fcbc226851:0,10,inverse,0.23076923076923078,0.48472419745843426,0.43339524506323995,0.5,0.10022935779816514,0.5669088363647461,0.75
f0fcbc226851:0,10,band_nofit,0.23076923076923078,0.5473630081867712,0.4418490561224079,0.5,0.10189220183486239,0.3848019242286682,0.5
f0fcbc226851:0,10,golddigger,1.0,0.6201034259577277,0.45588256429193125,0.0,0.1,0.3976389765739441,0.125
f0fcbc226851:0,30,random,0.0,0.6483057439906035,0.4395091208380715,0.125,0.5297591743119267,0.39049404859542847,0.125
f0fcbc226851:0,30,metadata,0.0,0.7431668702930152,0.7414440273080961,0.0,0.28532110091743124,0.5085602402687073,0.0
f0fcbc226851:0,30,nearest,0.0,0.446831211977054,0.43763466204425683,0.875,0.0020642201834862386,0.8687504529953003,1.0
f0fcbc226851:0,30,inverse,0.14285714285714285,0.46890290262821177,0.441094978036961,0.5,0.2997706422018349,0.5113357305526733,0.875
f0fcbc226851:0,30,band_nofit,0.3333333333333333,0.5597300947892467,0.441094978036961,0.375,0.3013188073394496,0.2890160381793976,0.5
f0fcbc226851:0,30,golddigger,1.0,0.6392682066746458,0.45089312694434036,0.0,0.29845183486238536,0.31471511721611023,0.125
f0fcbc226851:0,50,random,0.0,0.6483057439906035,0.4395091208380715,0.125,0.5297591743119267,0.39049404859542847,0.125
f0fcbc226851:0,50,metadata,0.0,0.7431668702930152,0.7414440273080961,0.0,0.28532110091743124,0.5085602402687073,0.0
f0fcbc226851:0,50,nearest,0.0,0.446831211977054,0.43763466204425683,0.875,0.0020642201834862386,0.8687504529953003,1.0
f0fcbc226851:0,50,inverse,0.3333333333333333,0.660156375020779,0.4407734761214404,0.125,0.49977064220183487,0.27719536423683167,0.125
f0fcbc226851:0,50,band_nofit,1.0,0.6798758831506497,0.5986908083918077,0.0,0.5008027522935781,0.23218806087970734,0.0
f0fcbc226851:0,50,golddigger,1.0,0.6798758831506497,0.5986908083918077,0.0,0.5008027522935781,0.23218806087970734,0.0
f0fcbc226851:0,70,random,0.0,0.6483057439906035,0.4395091208380715,0.125,0.5297591743119267,0.39049404859542847,0.125
f0fcbc226851:0,70,metadata,0.0,0.7431668702930152,0.7414440273080961,0.0,0.28532110091743124,0.5085602402687073,0.0
f0fcbc226851:0,70,nearest,0.0,0.446831211977054,0.43763466204425683,0.875,0.0020642201834862386,0.8687504529953003,1.0
f0fcbc226851:0,70,inverse,0.23076923076923078,0.6527241440599683,0.5826947289578217,0.0,0.6997706422018348,0.3466734290122986,0.0
f0fcbc226851:0,70,band_nofit,1.0,0.6680756808953202,0.5896878979024451,0.0,0.701605504587156,0.2280535250902176,0.0
f0fcbc226851:0,70,golddigger,1.0,0.6680756808953202,0.5896878979024451,0.0,0.701605504587156,0.2280535250902176,0.0
f0fcbc226851:0,90,random,0.0,0.6483057439906035,0.4395091208380715,0.125,0.5297591743119267,0.39049404859542847,0.125
f0fcbc226851:0,90,metadata,0.0,0.7431668702930152,0.7414440273080961,0.0,0.28532110091743124,0.5085602402687073,0.0
f0fcbc226851:0,90,nearest,0.0,0.446831211977054,0.43763466204425683,0.875,0.0020642201834862386,0.8687504529953003,1.0
f0fcbc226851:0,90,inverse,0.3333333333333333,0.6148411774356299,0.4435912862970026,0.125,0.899770642201835,0.3122701644897461,0.25
f0fcbc226851:0,90,band_nofit,0.7777777777777778,0.6619501266271832,0.4435912862970026,0.125,0.8986238532110092,0.23579366505146027,0.125
f0fcbc226851:0,90,golddigger,1.0,0.681097380643475,0.5967693184273375,0.0,0.8986811926605505,0.24606190621852875,0.0
5b958d183451:0,10,random,0.0,0.6615753809168394,0.5964441563336622,0.0,0.5224197247706422,0.2276085615158081,0.0
5b958d183451:0,10,metadata,0.0,0.7312445913753642,0.7235612837645063,0.0,0.21318807339449541,0.46518588066101074,0.0
5b958d183451:0,10,nearest,0.0,0.3569022830618864,0.2288200358675069,0.75,0.0020642201834862386,0.9382296204566956,1.0
5b958d183451:0,10,inverse,0.45454545454545453,0.6096249666194073,0.46756876474066345,0.0,0.09977064220183487,0.567426323890686,0.0
5b958d183451:0,10,band_nofit,0.7777777777777778,0.6309026382755551,0.3614017318912448,0.125,0.10160550458715598,0.4299953579902649,0.125
5b958d183451:0,10,golddigger,1.0,0.668009410079289,0.5445675039685158,0.0,0.10091743119266056,0.49506875872612,0.0
5b958d183451:0,30,random,0.0,0.6615753809168394,0.5964441563336622,0.0,0.5224197247706422,0.2276085615158081,0.0
5b958d183451:0,30,metadata,0.0,0.7312445913753642,0.7235612837645063,0.0,0.21318807339449541,0.46518588066101074,0.0
5b958d183451:0,30,nearest,0.0,0.3569022830618864,0.2288200358675069,0.75,0.0020642201834862386,0.9382296204566956,1.0
5b958d183451:0,30,inverse,0.06666666666666667,0.6561967059647378,0.44818806010317713,0.125,0.3002293577981652,0.49418583512306213,0.125
5b958d183451:0,30,band_nofit,0.23076923076923078,0.6480023010430189,0.44818806010317713,0.125,0.30103211009174313,0.31917089223861694,0.125
5b958d183451:0,30,golddigger,1.0,0.6725526785989093,0.597215467479327,0.0,0.29827981651376145,0.3179033398628235,0.0
5b958d183451:0,50,random,0.0,0.6615753809168394,0.5964441563336622,0.0,0.5224197247706422,0.2276085615158081,0.0
5b958d183451:0,50,metadata,0.0,0.7312445913753642,0.7235612837645063,0.0,0.21318807339449541,0.46518588066101074,0.0
5b958d183451:0,50,nearest,0.0,0.3569022830618864,0.2288200358675069,0.75,0.0020642201834862386,0.9382296204566956,1.0
5b958d183451:0,50,inverse,0.3333333333333333,0.6636981182251828,0.6009982808911176,0.0,0.49977064220183487,0.3156862258911133,0.0
5b958d183451:0,50,band_nofit,1.0,0.6633018191576767,0.600905710338905,0.0,0.5004013761467889,0.2205355167388916,0.0
5b958d183451:0,50,golddigger,1.0,0.6633018191576767,0.600905710338905,0.0,0.5004013761467889,0.2205355167388916,0.0
5b958d183451:0,70,random,0.0,0.6615753809168394,0.5964441563336622,0.0,0.5224197247706422,0.2276085615158081,0.0
5b958d183451:0,70,metadata,0.0,0.7312445913753642,0.7235612837645063,0.0,0.21318807339449541,0.46518588066101074,0.0
5b958d183451:0,70,nearest,0.0,0.3569022830618864,0.2288200358675069,0.75,0.0020642201834862386,0.9382296204566956,1.0
5b958d183451:0,70,inverse,0.45454545454545453,0.7113772918289727,0.7090944400670603,0.0,0.6997706422018348,0.39761900901794434,0.0
5b958d183451:0,70,band_nofit,1.0,0.7110136221357475,0.7053583028023588,0.0,0.6974770642201835,0.32473281025886536,0.0
5b958d183451:0,70,golddigger,1.0,0.7110136221357475,0.7053583028023588,0.0,0.6974770642201835,0.32473281025886536,0.0
5b958d183451:0,90,random,0.0,0.6615753809168394,0.5964441563336622,0.0,0.5224197247706422,0.2276085615158081,0.0
5b958d183451:0,90,metadata,0.0,0.7312445913753642,0.7235612837645063,0.0,0.21318807339449541,0.46518588066101074,0.0
5b958d183451:0,90,nearest,0.0,0.3569022830618864,0.2288200358675069,0.75,0.0020642201834862386,0.9382296204566956,1.0
5b958d183451:0,90,inverse,0.3333333333333333,0.7121834286248852,0.7118063954840825,0.0,0.899770642201835,0.524951159954071,0.0
5b958d183451:0,90,band_nofit,1.0,0.7102518678323133,0.6985114152411711,0.0,0.900802752293578,0.37720730900764465,0.0
5b958d183451:0,90,golddigger,1.0,0.7102518678323133,0.6985114152411711,0.0,0.900802752293578,0.37720730900764465,0.0
6e2bde8947fa:0,10,random,0.0,0.5814864770977657,0.44001153732921183,0.375,0.5196674311926606,0.28491753339767456,0.375
6e2bde8947fa:0,10,metadata,0.0,0.7159536800304286,0.715762887451451,0.0,0.562901376146789,0.37482181191444397,0.0
6e2bde8947fa:0,10,nearest,0.0,0.4501150969329345,0.4321534016058231,0.625,0.0020642201834862386,0.9469375610351562,1.0
6e2bde8947fa:0,10,inverse,0.3333333333333333,0.5328720764281938,0.43650264354804025,0.5,0.10022935779816514,0.6058147549629211,0.5
6e2bde8947fa:0,10,band_nofit,0.23076923076923078,0.5386257450848064,0.4365031860152747,0.5,0.09988532110091744,0.46518874168395996,0.5
6e2bde8947fa:0,10,golddigger,1.0,0.6066709243915283,0.4503317323072429,0.0,0.10321100917431193,0.5405248999595642,0.125
6e2bde8947fa:0,30,random,0.0,0.5814864770977657,0.44001153732921183,0.375,0.5196674311926606,0.28491753339767456,0.375
6e2bde8947fa:0,30,metadata,0.0,0.7159536800304286,0.715762887451451,0.0,0.562901376146789,0.37482181191444397,0.0
6e2bde8947fa:0,30,nearest,0.0,0.4501150969329345,0.4321534016058231,0.625,0.0020642201834862386,0.9469375610351562,1.0
6e2bde8947fa:0,30,inverse,0.14285714285714285,0.6271475547698723,0.44647265568480515,0.125,0.2997706422018349,0.4769810736179352,0.125
6e2bde8947fa:0,30,band_nofit,0.7777777777777778,0.6479290025937563,0.44647265568480515,0.125,0.29948394495412844,0.2941473126411438,0.125
6e2bde8947fa:0,30,golddigger,1.0,0.6812806545784221,0.5986618475887421,0.0,0.2997133027522936,0.30807167291641235,0.0
6e2bde8947fa:0,50,random,0.0,0.5814864770977657,0.44001153732921183,0.375,0.5196674311926606,0.28491753339767456,0.375
6e2bde8947fa:0,50,metadata,0.0,0.7159536800304286,0.715762887451451,0.0,0.562901376146789,0.37482181191444397,0.0
6e2bde8947fa:0,50,nearest,0.0,0.4501150969329345,0.4321534016058231,0.625,0.0020642201834862386,0.9469375610351562,1.0
6e2bde8947fa:0,50,inverse,0.14285714285714285,0.6227536764337125,0.44053694320768355,0.125,0.49977064220183487,0.4257642924785614,0.125
6e2bde8947fa:0,50,band_nofit,1.0,0.6481125382038507,0.4505760339267942,0.0,0.4993119266055046,0.2542038857936859,0.125
6e2bde8947fa:0,50,golddigger,1.0,0.6481125382038507,0.4505760339267942,0.0,0.4993119266055046,0.2542038857936859,0.125
6e2bde8947fa:0,70,random,0.0,0.5814864770977657,0.44001153732921183,0.375,0.5196674311926606,0.28491753339767456,0.375
6e2bde8947fa:0,70,metadata,0.0,0.7159536800304286,0.715762887451451,0.0,0.562901376146789,0.37482181191444397,0.0
6e2bde8947fa:0,70,nearest,0.0,0.4501150969329345,0.4321534016058231,0.625,0.0020642201834862386,0.9469375610351562,1.0
6e2bde8947fa:0,70,inverse,0.3333333333333333,0.7120100896166363,0.7098828561969313,0.0,0.6997706422018348,0.46402913331985474,0.0
6e2bde8947fa:0,70,band_nofit,1.0,0.6971489511407105,0.5998536104465929,0.0,0.6973623853211008,0.3194456696510315,0.0
6e2bde8947fa:0,70,golddigger,1.0,0.6971489511407105,0.5998536104465929,0.0,0.6973623853211008,0.3194456696510315,0.0
6e2bde8947fa:0,90,random,0.0,0.5814864770977657,0.44001153732921183,0.375,0.5196674311926606,0.28491753339767456,0.375
6e2bde8947fa:0,90,metadata,0.0,0.7159536800304286,0.715762887451451,0.0,0.562901376146789,0.37482181191444397,0.0
6e2bde8947fa:0,90,nearest,0.0,0.4501150969329345,0.4321534016058231,0.625,0.0020642201834862386,0.9469375610351562,1.0
6e2bde8947fa:0,90,inverse,0.3333333333333333,0.6845271752221691,0.6009690774957911,0.0,0.899770642201835,0.466266006231308,0.0
6e2bde8947fa:0,90,band_nofit,1.0,0.6985189384269239,0.6009690774957911,0.0,0.8995986238532111,0.3144493103027344,0.0
6e2bde8947fa:0,90,golddigger,1.0,0.6985189384269239,0.6009690774957911,0.0,0.8995986238532111,0.3144493103027344,0.0
f7fbf8bf3afc:0,10,random,0.0,0.4138326656407555,0.21930656870954865,0.625,0.2720183486238532,0.3710440993309021,0.375
f7fbf8bf3afc:0,10,metadata,0.0,0.8515843388795646,0.8445255850568508,0.0,0.6404816513761469,0.5517037510871887,0.0
f7fbf8bf3afc:0,10,nearest,0.0,0.44557513178041147,0.2870278483455938,0.5,0.0020642201834862386,0.8414198756217957,1.0
f7fbf8bf3afc:0,10,inverse,0.3333333333333333,0.5230890463711018,0.05320018647527538,0.25,0.10022935779816514,0.5313428640365601,0.375
f7fbf8bf3afc:0,10,band_nofit,0.45454545454545453,0.5607555014382898,0.2926870543061876,0.25,0.09902522935779817,0.4940088093280792,0.125
f7fbf8bf3afc:0,10,golddigger,1.0,0.626549840470537,0.5250848119673506,0.0,0.09885321100917432,0.4735960066318512,0.125
f7fbf8bf3afc:0,30,random,0.0,0.4138326656407555,0.21930656870954865,0.625,0.2720183486238532,0.3710440993309021,0.375
f7fbf8bf3afc:0,30,metadata,0.0,0.8515843388795646,0.8445255850568508,0.0,0.6404816513761469,0.5517037510871887,0.0
f7fbf8bf3afc:0,30,nearest,0.0,0.44557513178041147,0.2870278483455938,0.5,0.0020642201834862386,0.8414198756217957,1.0
f7fbf8bf3afc:0,30,inverse,0.23076923076923078,0.31218002929623373,0.06070879794767968,0.625,0.3002293577981652,0.3981688916683197,0.5
f7fbf8bf3afc:0,30,band_nofit,0.06666666666666667,0.3216510041261337,0.09073298989569271,0.75,0.3001720183486239,0.30700403451919556,0.125
f7fbf8bf3afc:0,30,golddigger,1.0,0.626411315070095,0.4515859245317933,0.0,0.30091743119266057,0.32381758093833923,0.125
f7fbf8bf3afc:0,50,random,0.0,0.4138326656407555,0.21930656870954865,0.625,0.2720183486238532,0.3710440993309021,0.375
f7fbf8bf3afc:0,50,metadata,0.0,0.8515843388795646,0.8445255850568508,0.0,0.6404816513761469,0.5517037510871887,0.0
f7fbf8bf3afc:0,50,nearest,0.0,0.44557513178041147,0.2870278483455938,0.5,0.0020642201834862386,0.8414198756217957,1.0
f7fbf8bf3afc:0,50,inverse,0.14285714285714285,0.3340687174236343,0.09046173304406872,0.625,0.49977064220183487,0.30188363790512085,0.25
f7fbf8bf3afc:0,50,band_nofit,0.45454545454545453,0.48633444002987514,0.1755786833716921,0.375,0.49954128440366974,0.26040783524513245,0.25
f7fbf8bf3afc:0,50,golddigger,1.0,0.5588804296021784,0.45105787906879996,0.0,0.4994266055045872,0.2668188512325287,0.25
f7fbf8bf3afc:0,70,random,0.0,0.4138326656407555,0.21930656870954865,0.625,0.2720183486238532,0.3710440993309021,0.375
f7fbf8bf3afc:0,70,metadata,0.0,0.8515843388795646,0.8445255850568508,0.0,0.6404816513761469,0.5517037510871887,0.0
f7fbf8bf3afc:0,70,nearest,0.0,0.44557513178041147,0.2870278483455938,0.5,0.0020642201834862386,0.8414198756217957,1.0
f7fbf8bf3afc:0,70,inverse,0.3333333333333333,0.3717553135625483,0.11565495798283872,0.5,0.6997706422018348,0.3348202407360077,0.375
f7fbf8bf3afc:0,70,band_nofit,0.3333333333333333,0.5035340176254358,0.1724507680999705,0.375,0.6993119266055046,0.29227009415626526,0.125
f7fbf8bf3afc:0,70,golddigger,1.0,0.6184030189936258,0.5201523122544822,0.0,0.7009174311926605,0.30713871121406555,0.0
f7fbf8bf3afc:0,90,random,0.0,0.4138326656407555,0.21930656870954865,0.625,0.2720183486238532,0.3710440993309021,0.375
f7fbf8bf3afc:0,90,metadata,0.0,0.8515843388795646,0.8445255850568508,0.0,0.6404816513761469,0.5517037510871887,0.0
f7fbf8bf3afc:0,90,nearest,0.0,0.44557513178041147,0.2870278483455938,0.5,0.0020642201834862386,0.8414198756217957,1.0
f7fbf8bf3afc:0,90,inverse,0.45454545454545453,0.6214669167205524,0.5196715427669208,0.0,0.899770642201835,0.37850573658943176,0.0
f7fbf8bf3afc:0,90,band_nofit,1.0,0.6610267669598446,0.5196715427669208,0.0,0.9021788990825689,0.2866969406604767,0.0
f7fbf8bf3afc:0,90,golddigger,1.0,0.6610267669598446,0.5196715427669208,0.0,0.9021788990825689,0.2866969406604767,0.0
926e5bbab4d8:0,10,random,0.0,0.6701937725364454,0.43673748296016696,0.125,0.6606077981651377,0.30408304929733276,0.125
926e5bbab4d8:0,10,metadata,0.0,0.7320849056993124,0.7259302647202319,0.0,0.43606651376146793,0.44106149673461914,0.0
926e5bbab4d8:0,10,nearest,0.0,0.38677674717165045,0.2982922229917616,0.875,0.0020642201834862386,0.868988573551178,1.0
926e5bbab4d8:0,10,inverse,0.23076923076923078,0.6009404771373252,0.44788508692930606,0.25,0.10022935779816514,0.4554573595523834,0.25
926e5bbab4d8:0,10,band_nofit,0.6,0.6544426241618855,0.44788509526671677,0.125,0.10120412844036697,0.3501875102519989,0.125
926e5bbab4d8:0,10,golddigger,1.0,0.6736404217971812,0.6003247147545875,0.0,0.10177752293577982,0.3531639873981476,0.0
926e5bbab4d8:0,30,random,0.0,0.6701937725364454,0.43673748296016696,0.125,0.6606077981651377,0.30408304929733276,0.125
926e5bbab4d8:0,30,metadata,0.0,0.7320849056993124,0.7259302647202319,0.0,0.43606651376146793,0.44106149673461914,0.0
926e5bbab4d8:0,30,nearest,0.0,0.38677674717165045,0.2982922229917616,0.875,0.0020642201834862386,0.868988573551178,1.0
926e5bbab4d8:0,30,inverse,0.45454545454545453,0.6334467560047783,0.44799013657184694,0.125,0.2997706422018349,0.3912838399410248,0.125
926e5bbab4d8:0,30,band_nofit,0.3333333333333333,0.6502612612260579,0.44799013657184694,0.125,0.3014908256880734,0.3162851929664612,0.125
926e5bbab4d8:0,30,golddigger,1.0,0.682119530129726,0.6010731326384212,0.0,0.3002866972477064,0.2835364043712616,0.0
926e5bbab4d8:0,50,random,0.0,0.6701937725364454,0.43673748296016696,0.125,0.6606077981651377,0.30408304929733276,0.125
926e5bbab4d8:0,50,metadata,0.0,0.7320849056993124,0.7259302647202319,0.0,0.43606651376146793,0.44106149673461914,0.0
926e5bbab4d8:0,50,nearest,0.0,0.38677674717165045,0.2982922229917616,0.875,0.0020642201834862386,0.868988573551178,1.0
926e5bbab4d8:0,50,inverse,0.14285714285714285,0.6664650577173203,0.5832166267589751,0.0,0.49977064220183487,0.4749448597431183,0.0
926e5bbab4d8:0,50,band_nofit,1.0,0.6616066459675192,0.5912908385427278,0.0,0.5032110091743119,0.2520134747028351,0.0
926e5bbab4d8:0,50,golddigger,1.0,0.6616066459675192,0.5912908385427278,0.0,0.5032110091743119,0.2520134747028351,0.0
926e5bbab4d8:0,70,random,0.0,0.6701937725364454,0.43673748296016696,0.125,0.6606077981651377,0.30408304929733276,0.125
926e5bbab4d8:0,70,metadata,0.0,0.7320849056993124,0.7259302647202319,0.0,0.43606651376146793,0.44106149673461914,0.0
926e5bbab4d8:0,70,nearest,0.0,0.38677674717165045,0.2982922229917616,0.875,0.0020642201834862386,0.868988573551178,1.0
926e5bbab4d8:0,70,inverse,0.3333333333333333,0.6930054988441965,0.5914658914560562,0.0,0.6997706422018348,0.27173560857772827,0.0
926e5bbab4d8:0,70,band_nofit,1.0,0.6716581069686363,0.5297236479339573,0.0,0.7000000000000001,0.2539486587047577,0.0
926e5bbab4d8:0,70,golddigger,1.0,0.6716581069686363,0.5297236479339573,0.0,0.7000000000000001,0.2539486587047577,0.0
926e5bbab4d8:0,90,random,0.0,0.6701937725364454,0.43673748296016696,0.125,0.6606077981651377,0.30408304929733276,0.125
926e5bbab4d8:0,90,metadata,0.0,0.7320849056993124,0.7259302647202319,0.0,0.43606651376146793,0.44106149673461914,0.0
926e5bbab4d8:0,90,nearest,0.0,0.38677674717165045,0.2982922229917616,0.875,0.0020642201834862386,0.868988573551178,1.0
926e5bbab4d8:0,90,inverse,0.3333333333333333,0.6632555643006437,0.5713547784089915,0.0,0.899770642201835,0.32389578223228455,0.0
926e5bbab4d8:0,90,band_nofit,1.0,0.6917880495406146,0.5713547784089915,0.0,0.8986238532110092,0.20509740710258484,0.0
926e5bbab4d8:0,90,golddigger,1.0,0.6917880495406146,0.5713547784089915,0.0,0.8986238532110092,0.20509740710258484,0.0
e68189106282:0,10,random,0.0,0.43767411748915064,0.052716338923404,0.375,0.5854931192660551,0.28636640310287476,0.25
e68189106282:0,10,metadata,0.0,0.8444718498837179,0.84432140690904,0.0,0.5103211009174312,0.4686615765094757,0.0
e68189106282:0,10,nearest,0.0,0.1753363718995816,0.0520353663576025,1.0,0.0020642201834862386,0.9065619111061096,1.0
e68189106282:0,10,inverse,0.0,0.13789213862726935,0.05280633108788882,1.0,0.10022935779816514,0.49077802896499634,0.5
e68189106282:0,10,band_nofit,0.14285714285714285,0.24272325231416053,0.05280633108788882,0.75,0.09988532110091744,0.4692058563232422,0.5
e68189106282:0,10,golddigger,1.0,0.6243597503999012,0.4514971244836541,0.0,0.0970756880733945,0.5310570597648621,0.125
e68189106282:0,30,random,0.0,0.43767411748915064,0.052716338923404,0.375,0.5854931192660551,0.28636640310287476,0.25
e68189106282:0,30,metadata,0.0,0.8444718498837179,0.84432140690904,0.0,0.5103211009174312,0.4686615765094757,0.0
e68189106282:0,30,nearest,0.0,0.1753363718995816,0.0520353663576025,1.0,0.0020642201834862386,0.9065619111061096,1.0
e68189106282:0,30,inverse,0.14285714285714285,0.244831294502117,0.05192223509280387,0.75,0.3002293577981652,0.45229724049568176,0.5
e68189106282:0,30,band_nofit,0.14285714285714285,0.2670524554365582,0.051940613597673796,0.75,0.29965596330275235,0.3613209128379822,0.25
e68189106282:0,30,golddigger,1.0,0.6285367223891414,0.45622876287000813,0.0,0.30739678899082573,0.3455870449542999,0.125
e68189106282:0,50,random,0.0,0.43767411748915064,0.052716338923404,0.375,0.5854931192660551,0.28636640310287476,0.25
e68189106282:0,50,metadata,0.0,0.8444718498837179,0.84432140690904,0.0,0.5103211009174312,0.4686615765094757,0.0
e68189106282:0,50,nearest,0.0,0.1753363718995816,0.0520353663576025,1.0,0.0020642201834862386,0.9065619111061096,1.0
e68189106282:0,50,inverse,0.23076923076923078,0.347672509347547,0.052598588915759005,0.625,0.49977064220183487,0.31739476323127747,0.375
e68189106282:0,50,band_nofit,0.14285714285714285,0.33151721414446794,0.052598588915759005,0.75,0.49891055045871563,0.2185768187046051,0.25
e68189106282:0,50,golddigger,1.0,0.655812660095477,0.5222591314419367,0.0,0.4983371559633028,0.27216848731040955,0.125
e68189106282:0,70,random,0.0,0.43767411748915064,0.052716338923404,0.375,0.5854931192660551,0.28636640310287476,0.25
e68189106282:0,70,metadata,0.0,0.8444718498837179,0.84432140690904,0.0,0.5103211009174312,0.4686615765094757,0.0
e68189106282:0,70,nearest,0.0,0.1753363718995816,0.0520353663576025,1.0,0.0020642201834862386,0.9065619111061096,1.0
e68189106282:0,70,inverse,0.3333333333333333,0.44856256494092867,0.09005401378353374,0.375,0.6997706422018348,0.3202960789203644,0.125
e68189106282:0,70,band_nofit,0.45454545454545453,0.448308627324567,0.08440561507274186,0.375,0.7014908256880734,0.236581489443779,0.125
e68189106282:0,70,golddigger,1.0,0.6550676086934504,0.4589557035159792,0.0,0.6998853211009175,0.2974008619785309,0.125
e68189106282:0,90,random,0.06666666666666667,0.43767411748915064,0.052716338923404,0.375,0.5854931192660551,0.28636640310287476,0.25
e68189106282:0,90,metadata,0.0,0.8444718498837179,0.84432140690904,0.0,0.5103211009174312,0.4686615765094757,0.0
e68189106282:0,90,nearest,0.0,0.1753363718995816,0.0520353663576025,1.0,0.0020642201834862386,0.9065619111061096,1.0
e68189106282:0,90,inverse,0.23076923076923078,0.4605804056654487,0.08566114839567208,0.5,0.899770642201835,0.33554166555404663,0.125
e68189106282:0,90,band_nofit,0.14285714285714285,0.39969795409173836,0.05438890586252946,0.5,0.8998853211009175,0.22554923593997955,0.125
e68189106282:0,90,golddigger,1.0,0.6489666099935303,0.45242451003200773,0.0,0.9005160550458716,0.2598554790019989,0.125
a96ab5adf6ca:0,10,random,0.0,0.6755195249960253,0.4490125318954294,0.125,0.5408830275229358,0.3032447397708893,0.125
a96ab5adf6ca:0,10,metadata,0.0,0.7173374463226228,0.7159581127006128,0.0,0.6621559633027523,0.3354932367801666,0.0
a96ab5adf6ca:0,10,nearest,0.0,0.44874531799661177,0.44012201553189834,0.75,0.0020642201834862386,0.9239760041236877,1.0
a96ab5adf6ca:0,10,inverse,0.45454545454545453,0.6045298570220399,0.45459142295470234,0.0,0.10022935779816514,0.6133390069007874,0.125
a96ab5adf6ca:0,10,band_nofit,0.45454545454545453,0.5746505619291249,0.42941378385661977,0.375,0.10057339449541286,0.4792390763759613,0.375
a96ab5adf6ca:0,10,golddigger,1.0,0.6290943723961018,0.45459142295470234,0.0,0.09879587155963303,0.5158241391181946,0.125
a96ab5adf6ca:0,30,random,0.0,0.6755195249960253,0.4490125318954294,0.125,0.5408830275229358,0.3032447397708893,0.125
a96ab5adf6ca:0,30,metadata,0.0,0.7173374463226228,0.7159581127006128,0.0,0.6621559633027523,0.3354932367801666,0.0
a96ab5adf6ca:0,30,nearest,0.0,0.44874531799661177,0.44012201553189834,0.75,0.0020642201834862386,0.9239760041236877,1.0
a96ab5adf6ca:0,30,inverse,0.3333333333333333,0.6437089472997077,0.5771995457221333,0.0,0.3002293577981652,0.3877670168876648,0.0
a96ab5adf6ca:0,30,band_nofit,0.45454545454545453,0.5738562699437589,0.44207365547500566,0.375,0.30143348623853217,0.30620327591896057,0.375
a96ab5adf6ca:0,30,golddigger,1.0,0.6731040561690331,0.5747781427828932,0.0,0.30315366972477065,0.2942339777946472,0.0
a96ab5adf6ca:0,50,random,0.0,0.6755195249960253,0.4490125318954294,0.125,0.5408830275229358,0.3032447397708893,0.125
a96ab5adf6ca:0,50,metadata,0.0,0.7173374463226228,0.7159581127006128,0.0,0.6621559633027523,0.3354932367801666,0.0
a96ab5adf6ca:0,50,nearest,0.0,0.44874531799661177,0.44012201553189834,0.75,0.0020642201834862386,0.9239760041236877,1.0
a96ab5adf6ca:0,50,inverse,0.3333333333333333,0.6483907359775325,0.4490125318954294,0.125,0.49977064220183487,0.25270432233810425,0.125
a96ab5adf6ca:0,50,band_nofit,0.6,0.6463848740789973,0.4490125318954294,0.125,0.5005160550458716,0.24752752482891083,0.125
a96ab5adf6ca:0,50,golddigger,1.0,0.6640325384768463,0.5908622112963415,0.0,0.5014334862385321,0.2388976663351059,0.0
a96ab5adf6ca:0,70,random,0.0,0.6755195249960253,0.4490125318954294,0.125,0.5408830275229358,0.3032447397708893,0.125
a96ab5adf6ca:0,70,metadata,0.0,0.7173374463226228,0.7159581127006128,0.0,0.6621559633027523,0.3354932367801666,0.0
a96ab5adf6ca:0,70,nearest,0.0,0.44874531799661177,0.44012201553189834,0.75,0.0020642201834862386,0.9239760041236877,1.0
a96ab5adf6ca:0,70,inverse,0.23076923076923078,0.6845884616402612,0.6004807526484633,0.0,0.6997706422018348,0.48874929547309875,0.0
a96ab5adf6ca:0,70,band_nofit,0.7777777777777778,0.6765438255933707,0.43974595979417697,0.125,0.7008600917431194,0.3290594220161438,0.125
a96ab5adf6ca:0,70,golddigger,1.0,0.7105425645676587,0.698406392239571,0.0,0.700802752293578,0.34060782194137573,0.0
a96ab5adf6ca:0,90,random,0.0,0.6755195249960253,0.4490125318954294,0.125,0.5408830275229358,0.3032447397708893,0.125
a96ab5adf6ca:0,90,metadata,0.0,0.7173374463226228,0.7159581127006128,0.0,0.6621559633027523,0.3354932367801666,0.0
a96ab5adf6ca:0,90,nearest,0.0,0.44874531799661177,0.44012201553189834,0.75,0.0020642201834862386,0.9239760041236877,1.0
a96ab5adf6ca:0,90,inverse,0.23076923076923078,0.6686384016290928,0.5962020627005709,0.0,0.899770642201835,0.5489064455032349,0.0
a96ab5adf6ca:0,90,band_nofit,0.7777777777777778,0.64900874184624,0.449227142874523,0.125,0.901204128440367,0.3141997456550598,0.125
a96ab5adf6ca:0,90,golddigger,1.0,0.6805238074044442,0.5962020627005709,0.0,0.9006880733944955,0.3107522428035736,0.0
58b56daba6ba:0,10,random,0.0,0.6611765559154708,0.4357020428876939,0.125,0.4572247706422019,0.34528014063835144,0.125
58b56daba6ba:0,10,metadata,0.0,0.7436589303626888,0.7429861735741843,0.0,0.553211009174312,0.7130637168884277,0.0
58b56daba6ba:0,10,nearest,0.0,0.45265080496600074,0.4444596212354994,0.75,0.0020642201834862386,0.8504664301872253,1.0
58b56daba6ba:0,10,inverse,0.3333333333333333,0.6202162853743737,0.4379501987953633,0.125,0.09977064220183487,0.4317905306816101,0.125
58b56daba6ba:0,10,band_nofit,0.7777777777777778,0.6182200050479136,0.4379501987953633,0.125,0.09896788990825689,0.3885720372200012,0.25
58b56daba6ba:0,10,golddigger,1.0,0.6524761660038761,0.4598163101147316,0.0,0.09959862385321103,0.3691513240337372,0.125
58b56daba6ba:0,30,random,0.0,0.6611765559154708,0.4357020428876939,0.125,0.4572247706422019,0.34528014063835144,0.125
58b56daba6ba:0,30,metadata,0.0,0.7436589303626888,0.7429861735741843,0.0,0.553211009174312,0.7130637168884277,0.0
58b56daba6ba:0,30,nearest,0.0,0.45265080496600074,0.4444596212354994,0.75,0.0020642201834862386,0.8504664301872253,1.0
58b56daba6ba:0,30,inverse,0.6,0.6984824762725936,0.5977475967270806,0.0,0.2997706422018349,0.380307137966156,0.0
58b56daba6ba:0,30,band_nofit,0.7777777777777778,0.6508863034952475,0.4344248121880317,0.125,0.2989105504587156,0.3115922510623932,0.125
58b56daba6ba:0,30,golddigger,1.0,0.686409113613242,0.5977475967270806,0.0,0.299598623853211,0.3314532935619354,0.0
58b56daba6ba:0,50,random,0.0,0.6611765559154708,0.4357020428876939,0.125,0.4572247706422019,0.34528014063835144,0.125
58b56daba6ba:0,50,metadata,0.0,0.7436589303626888,0.7429861735741843,0.0,0.553211009174312,0.7130637168884277,0.0
58b56daba6ba:0,50,nearest,0.0,0.45265080496600074,0.4444596212354994,0.75,0.0020642201834862386,0.8504664301872253,1.0
58b56daba6ba:0,50,inverse,0.45454545454545453,0.7142872770926927,0.7105146346206317,0.0,0.49977064220183487,0.3650900423526764,0.0
58b56daba6ba:0,50,band_nofit,1.0,0.6969546206280519,0.5764748401241836,0.0,0.5003440366972477,0.2902829051017761,0.0
58b56daba6ba:0,50,golddigger,1.0,0.6969546206280519,0.5764748401241836,0.0,0.5003440366972477,0.2902829051017761,0.0
58b56daba6ba:0,70,random,0.06666666666666667,0.6611765559154708,0.4357020428876939,0.125,0.4572247706422019,0.34528014063835144,0.125
58b56daba6ba:0,70,metadata,0.0,0.7436589303626888,0.7429861735741843,0.0,0.553211009174312,0.7130637168884277,0.0
58b56daba6ba:0,70,nearest,0.0,0.45265080496600074,0.4444596212354994,0.75,0.0020642201834862386,0.8504664301872253,1.0
58b56daba6ba:0,70,inverse,0.23076923076923078,0.6613173261326128,0.44923620430759836,0.125,0.6997706422018348,0.370776504278183,0.125
58b56daba6ba:0,70,band_nofit,0.7777777777777778,0.6506656265139458,0.44923620430759836,0.125,0.7006307339449542,0.25315603613853455,0.125
58b56daba6ba:0,70,golddigger,1.0,0.6835610710642279,0.5896977290006095,0.0,0.6991399082568808,0.24963513016700745,0.0
58b56daba6ba:0,90,random,0.0,0.6611765559154708,0.4357020428876939,0.125,0.4572247706422019,0.34528014063835144,0.125
58b56daba6ba:0,90,metadata,0.06666666666666667,0.7436589303626888,0.7429861735741843,0.0,0.553211009174312,0.7130637168884277,0.0
58b56daba6ba:0,90,nearest,0.0,0.45265080496600074,0.4444596212354994,0.75,0.0020642201834862386,0.8504664301872253,1.0
58b56daba6ba:0,90,inverse,0.14285714285714285,0.6851765463097934,0.5989281344696277,0.0,0.899770642201835,0.3942555785179138,0.0
58b56daba6ba:0,90,band_nofit,1.0,0.7026182091402865,0.6005988328683892,0.0,0.8996559633027523,0.20009088516235352,0.0
58b56daba6ba:0,90,golddigger,1.0,0.7026182091402865,0.6005988328683892,0.0,0.8996559633027523,0.20009088516235352,0.0
ab30c36c2d24:0,10,random,0.0,0.5848597695280088,0.4954728120544928,0.0,0.6380733944954129,0.30591800808906555,nan
ab30c36c2d24:0,10,metadata,0.0,0.669142157991607,0.6630585555424409,0.0,0.04558486238532111,0.6614595651626587,nan
ab30c36c2d24:0,10,nearest,0.0,0.5030982550556606,0.4310350305233563,0.125,0.0020642201834862386,0.9583037495613098,nan
ab30c36c2d24:0,10,inverse,0.23076923076923078,0.5726775069562785,0.5207407507713889,0.0,0.09977064220183487,0.48395469784736633,nan
ab30c36c2d24:0,10,band_nofit,1.0,0.5737671318089621,0.479698823526567,0.0,0.09845183486238532,0.3277623951435089,nan
ab30c36c2d24:0,10,golddigger,1.0,0.5737671318089621,0.479698823526567,0.0,0.09845183486238532,0.3277623951435089,nan
ab30c36c2d24:0,30,random,0.0,0.5848597695280088,0.4954728120544928,0.0,0.6380733944954129,0.30591800808906555,nan
ab30c36c2d24:0,30,metadata,0.0,0.669142157991607,0.6630585555424409,0.0,0.04558486238532111,0.6614595651626587,nan
ab30c36c2d24:0,30,nearest,0.0,0.5030982550556606,0.4310350305233563,0.125,0.0020642201834862386,0.9583037495613098,nan
ab30c36c2d24:0,30,inverse,0.45454545454545453,0.5881885695844762,0.569015566032573,0.0,0.3002293577981652,0.33745077252388,nan
ab30c36c2d24:0,30,band_nofit,1.0,0.590584673342827,0.5690156073914954,0.0,0.30154816513761473,0.2512052655220032,nan
ab30c36c2d24:0,30,golddigger,1.0,0.590584673342827,0.5690156073914954,0.0,0.30154816513761473,0.2512052655220032,nan
ab30c36c2d24:0,50,random,0.0,0.5848597695280088,0.4954728120544928,0.0,0.6380733944954129,0.30591800808906555,nan
ab30c36c2d24:0,50,metadata,0.0,0.669142157991607,0.6630585555424409,0.0,0.04558486238532111,0.6614595651626587,nan
ab30c36c2d24:0,50,nearest,0.0,0.5030982550556606,0.4310350305233563,0.125,0.0020642201834862386,0.9583037495613098,nan
ab30c36c2d24:0,50,inverse,0.23076923076923078,0.5926535117470731,0.5388052457301543,0.0,0.49977064220183487,0.3593347668647766,nan
ab30c36c2d24:0,50,band_nofit,1.0,0.588564119050902,0.5428949762783721,0.0,0.499598623853211,0.2013006955385208,nan
ab30c36c2d24:0,50,golddigger,1.0,0.588564119050902,0.5428949762783721,0.0,0.499598623853211,0.2013006955385208,nan
ab30c36c2d24:0,70,random,0.0,0.5848597695280088,0.4954728120544928,0.0,0.6380733944954129,0.30591800808906555,nan
ab30c36c2d24:0,70,metadata,0.0,0.669142157991607,0.6630585555424409,0.0,0.04558486238532111,0.6614595651626587,nan
ab30c36c2d24:0,70,nearest,0.0,0.5030982550556606,0.4310350305233563,0.125,0.0020642201834862386,0.9583037495613098,nan
ab30c36c2d24:0,70,inverse,0.45454545454545453,0.5984565993737199,0.5837770543685229,0.0,0.6997706422018348,0.37731409072875977,nan
ab30c36c2d24:0,70,band_nofit,1.0,0.587995076772416,0.5324451209938919,0.0,0.6989678899082569,0.2572045624256134,nan
ab30c36c2d24:0,70,golddigger,1.0,0.587995076772416,0.5324451209938919,0.0,0.6989678899082569,0.2572045624256134,nan
ab30c36c2d24:0,90,random,0.0,0.5848597695280088,0.4954728120544928,0.0,0.6380733944954129,0.30591800808906555,nan
ab30c36c2d24:0,90,metadata,0.0,0.669142157991607,0.6630585555424409,0.0,0.04558486238532111,0.6614595651626587,nan
ab30c36c2d24:0,90,nearest,0.0,0.5030982550556606,0.4310350305233563,0.125,0.0020642201834862386,0.9583037495613098,nan
ab30c36c2d24:0,90,inverse,0.23076923076923078,0.5973927629004928,0.5896259695324254,0.0,0.899770642201835,0.5812655687332153,nan
ab30c36c2d24:0,90,band_nofit,1.0,0.5987347060487563,0.5906944614761712,0.0,0.8996559633027523,0.36753493547439575,nan
ab30c36c2d24:0,90,golddigger,1.0,0.5987347060487563,0.5906944614761712,0.0,0.8996559633027523,0.36753493547439575,nan
5630eeac244a:0,10,random,0.0,0.6372388136064002,0.4428437715615928,0.125,0.655447247706422,0.33305594325065613,0.125
5630eeac244a:0,10,metadata,0.0,0.7355261287337467,0.7162287702817302,0.0,0.45808486238532115,0.26253682374954224,0.0
5630eeac244a:0,10,nearest,0.0,0.450944177562973,0.4291063327279724,0.625,0.0020642201834862386,0.9396875500679016,1.0
5630eeac244a:0,10,inverse,0.3333333333333333,0.5300153628619362,0.4161892897720046,0.375,0.10022935779816514,0.4198707938194275,0.625
5630eeac244a:0,10,band_nofit,0.23076923076923078,0.5659608340878511,0.44522932485858496,0.375,0.09982798165137616,0.39961937069892883,0.5
5630eeac244a:0,10,golddigger,1.0,0.6355469971922688,0.4522430444596154,0.0,0.09994266055045872,0.39556530117988586,0.125
5630eeac244a:0,30,random,0.0,0.6372388136064002,0.4428437715615928,0.125,0.655447247706422,0.33305594325065613,0.125
5630eeac244a:0,30,metadata,0.0,0.7355261287337467,0.7162287702817302,0.0,0.45808486238532115,0.26253682374954224,0.0
5630eeac244a:0,30,nearest,0.0,0.450944177562973,0.4291063327279724,0.625,0.0020642201834862386,0.9396875500679016,1.0
5630eeac244a:0,30,inverse,0.3333333333333333,0.5565846607806543,0.4364237389075395,0.5,0.2997706422018349,0.32920941710472107,0.5
5630eeac244a:0,30,band_nofit,0.23076923076923078,0.5732664715952476,0.42409166116260766,0.5,0.30091743119266057,0.27538731694221497,0.5
5630eeac244a:0,30,golddigger,1.0,0.6916462513761535,0.6010267189420201,0.0,0.2995412844036697,0.2563157379627228,0.0
5630eeac244a:0,50,random,0.0,0.6372388136064002,0.4428437715615928,0.125,0.655447247706422,0.33305594325065613,0.125
5630eeac244a:0,50,metadata,0.0,0.7355261287337467,0.7162287702817302,0.0,0.45808486238532115,0.26253682374954224,0.0
5630eeac244a:0,50,nearest,0.0,0.450944177562973,0.4291063327279724,0.625,0.0020642201834862386,0.9396875500679016,1.0
5630eeac244a:0,50,inverse,0.45454545454545453,0.6789278080446192,0.4506316602759706,0.0,0.49977064220183487,0.39470019936561584,0.125
5630eeac244a:0,50,band_nofit,0.3333333333333333,0.6082110025433374,0.434995726377066,0.25,0.4987385321100918,0.2758713662624359,0.375
5630eeac244a:0,50,golddigger,1.0,0.6787676713682778,0.4506316602759706,0.0,0.5016055045871559,0.29285839200019836,0.125
5630eeac244a:0,70,random,0.0,0.6372388136064002,0.4428437715615928,0.125,0.655447247706422,0.33305594325065613,0.125
5630eeac244a:0,70,metadata,0.0,0.7355261287337467,0.7162287702817302,0.0,0.45808486238532115,0.26253682374954224,0.0
5630eeac244a:0,70,nearest,0.0,0.450944177562973,0.4291063327279724,0.625,0.0020642201834862386,0.9396875500679016,1.0
5630eeac244a:0,70,inverse,0.14285714285714285,0.6363371177212507,0.44403538812118,0.25,0.6997706422018348,0.4209819734096527,0.25
5630eeac244a:0,70,band_nofit,0.45454545454545453,0.6465809090812982,0.4483712672856128,0.25,0.6985665137614679,0.2802392542362213,0.25
5630eeac244a:0,70,golddigger,1.0,0.6983251705971678,0.5984756336843465,0.0,0.6986811926605505,0.3013070225715637,0.0
5630eeac244a:0,90,random,0.0,0.6372388136064002,0.4428437715615928,0.125,0.655447247706422,0.33305594325065613,0.125
5630eeac244a:0,90,metadata,0.0,0.7355261287337467,0.7162287702817302,0.0,0.45808486238532115,0.26253682374954224,0.0
5630eeac244a:0,90,nearest,0.0,0.450944177562973,0.4291063327279724,0.625,0.0020642201834862386,0.9396875500679016,1.0
5630eeac244a:0,90,inverse,0.23076923076923078,0.7119715061415872,0.7094827778369521,0.0,0.899770642201835,0.6090056300163269,0.0
5630eeac244a:0,90,band_nofit,1.0,0.698429298239258,0.6009394579901259,0.0,0.9020642201834863,0.4893656075000763,0.0
5630eeac244a:0,90,golddigger,1.0,0.698429298239258,0.6009394579901259,0.0,0.9020642201834863,0.4893656075000763,0.0
3ea6169a18a4:0,10,random,0.0,0.5968920540946449,0.5788842441666786,0.0,0.32327981651376153,0.3335599899291992,nan
3ea6169a18a4:0,10,metadata,0.0,0.6396642350011045,0.6382707361494604,0.0,0.37626146788990833,0.38237327337265015,nan
3ea6169a18a4:0,10,nearest,0.0,0.5990439081555647,0.5773142963632468,0.0,0.0020642201834862386,0.911798894405365,nan
3ea6169a18a4:0,10,inverse,0.6,0.584750591707738,0.5641970432229986,0.0,0.09977064220183487,0.5265283584594727,nan
3ea6169a18a4:0,10,band_nofit,1.0,0.5856481485235457,0.5641970432229986,0.0,0.10114678899082569,0.5274741053581238,nan
3ea6169a18a4:0,10,golddigger,1.0,0.5856481485235457,0.5641970432229986,0.0,0.10114678899082569,0.5274741053581238,nan
3ea6169a18a4:0,30,random,0.0,0.5968920540946449,0.5788842441666786,0.0,0.32327981651376153,0.3335599899291992,nan
3ea6169a18a4:0,30,metadata,0.0,0.6396642350011045,0.6382707361494604,0.0,0.37626146788990833,0.38237327337265015,nan
3ea6169a18a4:0,30,nearest,0.0,0.5990439081555647,0.5773142963632468,0.0,0.0020642201834862386,0.911798894405365,nan
3ea6169a18a4:0,30,inverse,0.3333333333333333,0.5980448689384394,0.5553939792909166,0.0,0.3002293577981652,0.40119844675064087,nan
3ea6169a18a4:0,30,band_nofit,1.0,0.588712532149849,0.5553939792909166,0.0,0.3001146788990826,0.29671812057495117,nan
3ea6169a18a4:0,30,golddigger,1.0,0.588712532149849,0.5553939792909166,0.0,0.3001146788990826,0.29671812057495117,nan
3ea6169a18a4:0,50,random,0.0,0.5968920540946449,0.5788842441666786,0.0,0.32327981651376153,0.3335599899291992,nan
3ea6169a18a4:0,50,metadata,0.0,0.6396642350011045,0.6382707361494604,0.0,0.37626146788990833,0.38237327337265015,nan
3ea6169a18a4:0,50,nearest,0.0,0.5990439081555647,0.5773142963632468,0.0,0.0020642201834862386,0.911798894405365,nan
3ea6169a18a4:0,50,inverse,0.3333333333333333,0.5913823494339054,0.5589817702218995,0.0,0.49977064220183487,0.38775429129600525,nan
3ea6169a18a4:0,50,band_nofit,1.0,0.5916421750805506,0.5589817702218995,0.0,0.5005160550458716,0.2682637572288513,nan
3ea6169a18a4:0,50,golddigger,1.0,0.5916421750805506,0.5589817702218995,0.0,0.5005160550458716,0.2682637572288513,nan
3ea6169a18a4:0,70,random,0.0,0.5968920540946449,0.5788842441666786,0.0,0.32327981651376153,0.3335599899291992,nan
3ea6169a18a4:0,70,metadata,0.0,0.6396642350011045,0.6382707361494604,0.0,0.37626146788990833,0.38237327337265015,nan
3ea6169a18a4:0,70,nearest,0.0,0.5990439081555647,0.5773142963632468,0.0,0.0020642201834862386,0.911798894405365,nan
3ea6169a18a4:0,70,inverse,0.45454545454545453,0.6004370635599368,0.5988658771518771,0.0,0.6997706422018348,0.3821926414966583,nan
3ea6169a18a4:0,70,band_nofit,1.0,0.5999598856443877,0.5969489326571783,0.0,0.6967316513761469,0.291056364774704,nan
3ea6169a18a4:0,70,golddigger,1.0,0.5999598856443877,0.5969489326571783,0.0,0.6967316513761469,0.291056364774704,nan
3ea6169a18a4:0,90,random,0.0,0.5968920540946449,0.5788842441666786,0.0,0.32327981651376153,0.3335599899291992,nan
3ea6169a18a4:0,90,metadata,0.0,0.6396642350011045,0.6382707361494604,0.0,0.37626146788990833,0.38237327337265015,nan
3ea6169a18a4:0,90,nearest,0.0,0.5990439081555647,0.5773142963632468,0.0,0.0020642201834862386,0.911798894405365,nan
3ea6169a18a4:0,90,inverse,0.23076923076923078,0.6003102431169058,0.5990507552324972,0.0,0.899770642201835,0.5176113843917847,nan
3ea6169a18a4:0,90,band_nofit,1.0,0.6003870106199938,0.5983905653869883,0.0,0.8996559633027523,0.3143925070762634,nan
3ea6169a18a4:0,90,golddigger,1.0,0.6003870106199938,0.5983905653869883,0.0,0.8996559633027523,0.3143925070762634,nan
b4f4e2cb273a:0,10,random,0.0,0.2952991400895144,0.08320112622901789,0.625,0.29180045871559634,0.35317686200141907,0.0
b4f4e2cb273a:0,10,metadata,0.0,0.8513770234318456,0.8443519223854685,0.0,0.6648509174311927,0.5000666379928589,0.0
b4f4e2cb273a:0,10,nearest,0.0,0.354935974052741,0.24383741567849834,0.875,0.0020642201834862386,0.9511647820472717,1.0
b4f4e2cb273a:0,10,inverse,0.14285714285714285,0.381107067156896,0.07977564009561951,0.625,0.09977064220183487,0.5140904188156128,0.375
b4f4e2cb273a:0,10,band_nofit,0.06666666666666667,0.33288541929308624,0.05100090822186517,0.875,0.09913990825688074,0.4457643926143646,0.375
b4f4e2cb273a:0,10,golddigger,1.0,0.5924198138042753,0.4752969470599703,0.0,0.10556192660550459,0.556848406791687,0.0
b4f4e2cb273a:0,30,random,0.0,0.2952991400895144,0.08320112622901789,0.625,0.29180045871559634,0.35317686200141907,0.0
b4f4e2cb273a:0,30,metadata,0.0,0.8513770234318456,0.8443519223854685,0.0,0.6648509174311927,0.5000666379928589,0.0
b4f4e2cb273a:0,30,nearest,0.0,0.354935974052741,0.24383741567849834,0.875,0.0020642201834862386,0.9511647820472717,1.0
b4f4e2cb273a:0,30,inverse,0.14285714285714285,0.5249550884767322,0.21145899693810982,0.25,0.3002293577981652,0.41487058997154236,0.125
b4f4e2cb273a:0,30,band_nofit,0.3333333333333333,0.4340057077089916,0.19553906980232275,0.5,0.3013188073394496,0.2872355282306671,0.125
b4f4e2cb273a:0,30,golddigger,1.0,0.6213088775424391,0.4500604254317439,0.0,0.30137614678899083,0.30086851119995117,0.0
b4f4e2cb273a:0,50,random,0.0,0.2952991400895144,0.08320112622901789,0.625,0.29180045871559634,0.35317686200141907,0.0
b4f4e2cb273a:0,50,metadata,0.0,0.8513770234318456,0.8443519223854685,0.0,0.6648509174311927,0.5000666379928589,0.0
b4f4e2cb273a:0,50,nearest,0.0,0.354935974052741,0.24383741567849834,0.875,0.0020642201834862386,0.9511647820472717,1.0
b4f4e2cb273a:0,50,inverse,0.3333333333333333,0.5222544206393841,0.3118491884664668,0.375,0.49977064220183487,0.2630305588245392,0.125
b4f4e2cb273a:0,50,band_nofit,0.45454545454545453,0.5743575027120749,0.3118491884664668,0.25,0.5001146788990826,0.2901615500450134,0.125
b4f4e2cb273a:0,50,golddigger,1.0,0.6228904793255963,0.5019372262864193,0.0,0.49977064220183487,0.25041666626930237,0.0
b4f4e2cb273a:0,70,random,0.0,0.2952991400895144,0.08320112622901789,0.625,0.29180045871559634,0.35317686200141907,0.0
b4f4e2cb273a:0,70,metadata,0.14285714285714285,0.8513770234318456,0.8443519223854685,0.0,0.6648509174311927,0.5000666379928589,0.0
b4f4e2cb273a:0,70,nearest,0.0,0.354935974052741,0.24383741567849834,0.875,0.0020642201834862386,0.9511647820472717,1.0
b4f4e2cb273a:0,70,inverse,0.23076923076923078,0.5810375547888327,0.21199770403982257,0.25,0.6997706422018348,0.38804012537002563,0.0
b4f4e2cb273a:0,70,band_nofit,0.14285714285714285,0.5081438861785993,0.17886711550592363,0.5,0.7002866972477064,0.3177777826786041,0.0
b4f4e2cb273a:0,70,golddigger,1.0,0.7114872366645418,0.5339564829884269,0.0,0.7011467889908257,0.2964147925376892,0.0
b4f4e2cb273a:0,90,random,0.0,0.2952991400895144,0.08320112622901789,0.625,0.29180045871559634,0.35317686200141907,0.0
b4f4e2cb273a:0,90,metadata,0.0,0.8513770234318456,0.8443519223854685,0.0,0.6648509174311927,0.5000666379928589,0.0
b4f4e2cb273a:0,90,nearest,0.0,0.354935974052741,0.24383741567849834,0.875,0.0020642201834862386,0.9511647820472717,1.0
b4f4e2cb273a:0,90,inverse,0.3333333333333333,0.5406050222273849,0.1842178789357348,0.25,0.899770642201835,0.34946343302726746,0.0
b4f4e2cb273a:0,90,band_nofit,0.6,0.5796601716785971,0.31158411152716115,0.25,0.8995986238532111,0.319747656583786,0.0
b4f4e2cb273a:0,90,golddigger,1.0,0.6734735922107152,0.5344808445488565,0.0,0.8994266055045872,0.34078097343444824,0.0
4ee2b1668d68:0,10,random,0.06666666666666667,0.3617331682435622,0.053348857574012344,0.625,0.4755160550458716,0.4062076210975647,0.625
4ee2b1668d68:0,10,metadata,0.0,0.7787056790678697,0.751357661177677,0.0,0.4982798165137615,0.5664523839950562,0.0
4ee2b1668d68:0,10,nearest,0.0,0.20418061158710554,0.05206318876921505,1.0,0.0020642201834862386,0.9065595865249634,1.0
4ee2b1668d68:0,10,inverse,0.06666666666666667,0.1960226334006193,0.052807995291808546,0.875,0.09977064220183487,0.48114219307899475,0.625
4ee2b1668d68:0,10,band_nofit,0.14285714285714285,0.28143236259909965,0.052807995291808546,0.75,0.09959862385321101,0.4692058563232422,0.5
4ee2b1668d68:0,10,golddigger,1.0,0.5673484883666369,0.4514971213221013,0.0,0.09736238532110092,0.4519081115722656,0.25
4ee2b1668d68:0,30,random,0.0,0.3617331682435622,0.053348857574012344,0.625,0.4755160550458716,0.4062076210975647,0.625
4ee2b1668d68:0,30,metadata,0.0,0.7787056790678697,0.751357661177677,0.0,0.4982798165137615,0.5664523839950562,0.0
4ee2b1668d68:0,30,nearest,0.0,0.20418061158710554,0.05206318876921505,1.0,0.0020642201834862386,0.9065595865249634,1.0
4ee2b1668d68:0,30,inverse,0.14285714285714285,0.3365156123721096,0.051991685168668214,0.625,0.2997706422018349,0.4325597882270813,0.5
4ee2b1668d68:0,30,band_nofit,0.3333333333333333,0.3567675943649279,0.051991685168668214,0.5,0.299598623853211,0.3613209128379822,0.25
4ee2b1668d68:0,30,golddigger,1.0,0.6256848408712024,0.5055536742098501,0.0,0.3038417431192661,0.3265104293823242,0.0
4ee2b1668d68:0,50,random,0.0,0.3617331682435622,0.053348857574012344,0.625,0.4755160550458716,0.4062076210975647,0.625
4ee2b1668d68:0,50,metadata,0.06666666666666667,0.7787056790678697,0.751357661177677,0.0,0.4982798165137615,0.5664523839950562,0.0
4ee2b1668d68:0,50,nearest,0.0,0.20418061158710554,0.05206318876921505,1.0,0.0020642201834862386,0.9065595865249634,1.0
4ee2b1668d68:0,50,inverse,0.14285714285714285,0.35624361613543926,0.07169548697927479,0.625,0.49977064220183487,0.31739476323127747,0.375
4ee2b1668d68:0,50,band_nofit,0.23076923076923078,0.4396913095473253,0.0702806789581124,0.5,0.4981077981651376,0.21817505359649658,0.25
4ee2b1668d68:0,50,golddigger,1.0,0.6807598133606265,0.6001894239896283,0.0,0.4998853211009175,0.2451377958059311,0.0
4ee2b1668d68:0,70,random,0.0,0.3617331682435622,0.053348857574012344,0.625,0.4755160550458716,0.4062076210975647,0.625
4ee2b1668d68:0,70,metadata,0.0,0.7787056790678697,0.751357661177677,0.0,0.4982798165137615,0.5664523839950562,0.0
4ee2b1668d68:0,70,nearest,0.0,0.20418061158710554,0.05206318876921505,1.0,0.0020642201834862386,0.9065595865249634,1.0
4ee2b1668d68:0,70,inverse,0.3333333333333333,0.47882130760092023,0.1602864486981084,0.375,0.6997706422018348,0.3198261260986328,0.125
4ee2b1668d68:0,70,band_nofit,0.23076923076923078,0.5380352708195486,0.08378443697293997,0.25,0.6989105504587156,0.2510717511177063,0.0
4ee2b1668d68:0,70,golddigger,1.0,0.6410164048744229,0.45895587758587986,0.0,0.700172018348624,0.28340375423431396,0.125
4ee2b1668d68:0,90,random,0.0,0.3617331682435622,0.053348857574012344,0.625,0.4755160550458716,0.4062076210975647,0.625
4ee2b1668d68:0,90,metadata,0.0,0.7787056790678697,0.751357661177677,0.0,0.4982798165137615,0.5664523839950562,0.0
4ee2b1668d68:0,90,nearest,0.0,0.20418061158710554,0.05206318876921505,1.0,0.0020642201834862386,0.9065595865249634,1.0
4ee2b1668d68:0,90,inverse,0.23076923076923078,0.5387033169305665,0.20025905471301203,0.375,0.899770642201835,0.335541695356369,0.125
4ee2b1668d68:0,90,band_nofit,0.14285714285714285,0.44478076318252086,0.05438892597929101,0.5,0.9001720183486239,0.22554923593997955,0.125
4ee2b1668d68:0,90,golddigger,1.0,0.6489665584498502,0.4524245468138587,0.0,0.9005160550458716,0.2598554790019989,0.125
6999e0c34b9c:0,10,random,0.0,0.5764829114643952,0.42312461927762024,0.375,0.3263188073394495,0.4098152220249176,0.375
6999e0c34b9c:0,10,metadata,0.0,0.7712336409342586,0.7709678180017188,0.0,0.4946674311926606,0.832198977470398,0.0
6999e0c34b9c:0,10,nearest,0.0,0.451764717438292,0.44145413358613805,0.875,0.0020642201834862386,0.8377078771591187,1.0
6999e0c34b9c:0,10,inverse,0.14285714285714285,0.4922627209576449,0.41683311886162744,0.75,0.10022935779816514,0.4742237627506256,0.75
6999e0c34b9c:0,10,band_nofit,0.23076923076923078,0.5157213475064581,0.4430035887387287,0.625,0.100401376146789,0.386534184217453,0.625
6999e0c34b9c:0,10,golddigger,1.0,0.6277825061107447,0.5124824377139067,0.0,0.10246559633027524,0.47021859884262085,0.0
6999e0c34b9c:0,30,random,0.0,0.5764829114643952,0.42312461927762024,0.375,0.3263188073394495,0.4098152220249176,0.375
6999e0c34b9c:0,30,metadata,0.0,0.7712336409342586,0.7709678180017188,0.0,0.4946674311926606,0.832198977470398,0.0
6999e0c34b9c:0,30,nearest,0.0,0.451764717438292,0.44145413358613805,0.875,0.0020642201834862386,0.8377078771591187,1.0
6999e0c34b9c:0,30,inverse,0.3333333333333333,0.6394965868242956,0.4289783264375365,0.125,0.2997706422018349,0.38655295968055725,0.125
6999e0c34b9c:0,30,band_nofit,0.7777777777777778,0.6196559380631241,0.4289783264375365,0.125,0.30252293577981654,0.26809731125831604,0.125
6999e0c34b9c:0,30,golddigger,1.0,0.649087456541779,0.5589205386508675,0.0,0.3026949541284404,0.26613250374794006,0.0
6999e0c34b9c:0,50,random,0.0,0.5764829114643952,0.42312461927762024,0.375,0.3263188073394495,0.4098152220249176,0.375
6999e0c34b9c:0,50,metadata,0.0,0.7712336409342586,0.7709678180017188,0.0,0.4946674311926606,0.832198977470398,0.0
6999e0c34b9c:0,50,nearest,0.0,0.451764717438292,0.44145413358613805,0.875,0.0020642201834862386,0.8377078771591187,1.0
6999e0c34b9c:0,50,inverse,0.23076923076923078,0.6632990526148933,0.43452635271540047,0.125,0.49977064220183487,0.3506680130958557,0.125
6999e0c34b9c:0,50,band_nofit,0.3333333333333333,0.6121434749974286,0.43452635271540047,0.375,0.49850917431192665,0.258433997631073,0.375
6999e0c34b9c:0,50,golddigger,1.0,0.6991618658545282,0.6005787590451193,0.0,0.4984518348623853,0.2729625105857849,0.0
6999e0c34b9c:0,70,random,0.0,0.5764829114643952,0.42312461927762024,0.375,0.3263188073394495,0.4098152220249176,0.375
6999e0c34b9c:0,70,metadata,0.0,0.7712336409342586,0.7709678180017188,0.0,0.4946674311926606,0.832198977470398,0.0
6999e0c34b9c:0,70,nearest,0.0,0.451764717438292,0.44145413358613805,0.875,0.0020642201834862386,0.8377078771591187,1.0
6999e0c34b9c:0,70,inverse,0.14285714285714285,0.6976430833628631,0.6005136737813443,0.0,0.6997706422018348,0.5460389852523804,0.0
6999e0c34b9c:0,70,band_nofit,0.45454545454545453,0.651007820802904,0.44885726825681593,0.125,0.7016055045871561,0.31224608421325684,0.125
6999e0c34b9c:0,70,golddigger,1.0,0.6839078642056236,0.6005136737813443,0.0,0.7024082568807339,0.3306373059749603,0.0
6999e0c34b9c:0,90,random,0.0,0.5764829114643952,0.42312461927762024,0.375,0.3263188073394495,0.4098152220249176,0.375
6999e0c34b9c:0,90,metadata,0.0,0.7712336409342586,0.7709678180017188,0.0,0.4946674311926606,0.832198977470398,0.0
6999e0c34b9c:0,90,nearest,0.0,0.451764717438292,0.44145413358613805,0.875,0.0020642201834862386,0.8377078771591187,1.0
6999e0c34b9c:0,90,inverse,0.23076923076923078,0.7122758162429619,0.7119124240812034,0.0,0.899770642201835,0.5111741423606873,0.0
6999e0c34b9c:0,90,band_nofit,0.7777777777777778,0.6652232520922163,0.4485260659375826,0.125,0.9005160550458716,0.2927085757255554,0.125
6999e0c34b9c:0,90,golddigger,1.0,0.6983792490627985,0.6007643365355934,0.0,0.902006880733945,0.34727829694747925,0.0
b38b69acdb3d:0,10,random,0.0,0.22207959120449516,0.07193839304464532,0.75,0.5655389908256881,0.25719723105430603,0.0
b38b69acdb3d:0,10,metadata,0.0,0.7470437528317404,0.726741687434523,0.0,0.6028669724770643,0.7771267890930176,0.0
b38b69acdb3d:0,10,nearest,0.0,0.24357967102005543,0.05499398761403169,0.875,0.0020642201834862386,0.8268558382987976,1.0
b38b69acdb3d:0,10,inverse,0.14285714285714285,0.2654912278988765,0.05111947369119496,0.75,0.09977064220183487,0.5187276005744934,0.75
b38b69acdb3d:0,10,band_nofit,0.06666666666666667,0.23737121407429973,0.05111947369119496,0.875,0.09919724770642202,0.49451032280921936,0.625
b38b69acdb3d:0,10,golddigger,1.0,0.6546817903090028,0.45036469668621093,0.0,0.09071100917431194,0.467290461063385,0.125
b38b69acdb3d:0,30,random,0.0,0.22207959120449516,0.07193839304464532,0.75,0.5655389908256881,0.25719723105430603,0.0
b38b69acdb3d:0,30,metadata,0.0,0.7470437528317404,0.726741687434523,0.0,0.6028669724770643,0.7771267890930176,0.0
b38b69acdb3d:0,30,nearest,0.0,0.24357967102005543,0.05499398761403169,0.875,0.0020642201834862386,0.8268558382987976,1.0
b38b69acdb3d:0,30,inverse,0.0,0.06644877539564688,0.05284501167106036,1.0,0.3002293577981652,0.48531073331832886,0.25
b38b69acdb3d:0,30,band_nofit,0.23076923076923078,0.3239973217330231,0.05284501167106036,0.625,0.3001720183486239,0.32820507884025574,0.375
b38b69acdb3d:0,30,golddigger,1.0,0.6217199169678311,0.45816450451978497,0.0,0.3022935779816514,0.33508744835853577,0.125
b38b69acdb3d:0,50,random,0.0,0.22207959120449516,0.07193839304464532,0.75,0.5655389908256881,0.25719723105430603,0.0
b38b69acdb3d:0,50,metadata,0.0,0.7470437528317404,0.726741687434523,0.0,0.6028669724770643,0.7771267890930176,0.0
b38b69acdb3d:0,50,nearest,0.0,0.24357967102005543,0.05499398761403169,0.875,0.0020642201834862386,0.8268558382987976,1.0
b38b69acdb3d:0,50,inverse,0.3333333333333333,0.459338822384618,0.08448925439268287,0.375,0.49977064220183487,0.34900718927383423,0.25
b38b69acdb3d:0,50,band_nofit,0.23076923076923078,0.3473321214874934,0.07151013953994423,0.625,0.4989105504587156,0.24438916146755219,0.125
b38b69acdb3d:0,50,golddigger,1.0,0.6500007466025736,0.45511350516367244,0.0,0.49919724770642204,0.2798899710178375,0.125
b38b69acdb3d:0,70,random,0.0,0.22207959120449516,0.07193839304464532,0.75,0.5655389908256881,0.25719723105430603,0.0
b38b69acdb3d:0,70,metadata,0.06666666666666667,0.7470437528317404,0.726741687434523,0.0,0.6028669724770643,0.7771267890930176,0.0
b38b69acdb3d:0,70,nearest,0.0,0.24357967102005543,0.05499398761403169,0.875,0.0020642201834862386,0.8268558382987976,1.0
b38b69acdb3d:0,70,inverse,0.14285714285714285,0.2354143852494314,0.053333059339999656,0.75,0.6997706422018348,0.33298903703689575,0.125
b38b69acdb3d:0,70,band_nofit,0.3333333333333333,0.3833064420180662,0.07123475309056487,0.5,0.701204128440367,0.21247853338718414,0.0
b38b69acdb3d:0,70,golddigger,1.0,0.6869541417815481,0.596261830794755,0.0,0.7026949541284404,0.23864340782165527,0.0
b38b69acdb3d:0,90,random,0.0,0.22207959120449516,0.07193839304464532,0.75,0.5655389908256881,0.25719723105430603,0.0
b38b69acdb3d:0,90,metadata,0.0,0.7470437528317404,0.726741687434523,0.0,0.6028669724770643,0.7771267890930176,0.0
b38b69acdb3d:0,90,nearest,0.0,0.24357967102005543,0.05499398761403169,0.875,0.0020642201834862386,0.8268558382987976,1.0
b38b69acdb3d:0,90,inverse,0.06666666666666667,0.24144050930350364,0.08441182898738148,0.75,0.899770642201835,0.49376463890075684,0.0
b38b69acdb3d:0,90,band_nofit,0.23076923076923078,0.47302908598930365,0.05340411791489708,0.375,0.8990252293577982,0.2743459641933441,0.125
b38b69acdb3d:0,90,golddigger,1.0,0.7122454311836598,0.7118599319784517,0.0,0.8994266055045872,0.3930562138557434,0.0
bc45d82eed58:0,10,random,0.0,0.44166000643017306,0.1269091053248949,0.375,0.574598623853211,0.2819802463054657,nan
bc45d82eed58:0,10,metadata,0.06666666666666667,0.7227025565267464,0.7124150545328454,0.0,0.23371559633027525,0.5774011611938477,nan
bc45d82eed58:0,10,nearest,0.0,0.4284579013995209,0.23958472653444435,0.625,0.0020642201834862386,0.8812212347984314,nan
bc45d82eed58:0,10,inverse,0.14285714285714285,0.4269571118262656,0.28837868798594185,0.625,0.09977064220183487,0.5761541724205017,nan
bc45d82eed58:0,10,band_nofit,0.14285714285714285,0.42971835574243744,0.21885645407231658,0.625,0.1010894495412844,0.4980356991291046,nan
bc45d82eed58:0,10,golddigger,1.0,0.5766536088067217,0.503296220595193,0.0,0.09885321100917432,0.5238279700279236,nan
bc45d82eed58:0,30,random,0.0,0.44166000643017306,0.1269091053248949,0.375,0.574598623853211,0.2819802463054657,nan
bc45d82eed58:0,30,metadata,0.0,0.7227025565267464,0.7124150545328454,0.0,0.23371559633027525,0.5774011611938477,nan
bc45d82eed58:0,30,nearest,0.0,0.4284579013995209,0.23958472653444435,0.625,0.0020642201834862386,0.8812212347984314,nan
bc45d82eed58:0,30,inverse,0.6,0.5684429013138873,0.5129982752297234,0.0,0.2997706422018349,0.4324815571308136,nan
bc45d82eed58:0,30,band_nofit,0.6,0.44610380179465425,0.16934142921963993,0.25,0.301204128440367,0.38684502243995667,nan
bc45d82eed58:0,30,golddigger,1.0,0.5534472801283126,0.5129982752297234,0.0,0.2995412844036698,0.4159103333950043,nan
bc45d82eed58:0,50,random,0.0,0.44166000643017306,0.1269091053248949,0.375,0.574598623853211,0.2819802463054657,nan
bc45d82eed58:0,50,metadata,0.0,0.7227025565267464,0.7124150545328454,0.0,0.23371559633027525,0.5774011611938477,nan
bc45d82eed58:0,50,nearest,0.0,0.4284579013995209,0.23958472653444435,0.625,0.0020642201834862386,0.8812212347984314,nan
bc45d82eed58:0,50,inverse,0.3333333333333333,0.5036630041126343,0.168977427568317,0.25,0.49977064220183487,0.3798670172691345,nan
bc45d82eed58:0,50,band_nofit,0.23076923076923078,0.49141698565171527,0.168977427568317,0.25,0.49982798165137615,0.250498503446579,nan
bc45d82eed58:0,50,golddigger,1.0,0.58428802205665,0.5138968173421881,0.0,0.5009747706422019,0.25923952460289,nan
bc45d82eed58:0,70,random,0.0,0.44166000643017306,0.1269091053248949,0.375,0.574598623853211,0.2819802463054657,nan
bc45d82eed58:0,70,metadata,0.0,0.7227025565267464,0.7124150545328454,0.0,0.23371559633027525,0.5774011611938477,nan
bc45d82eed58:0,70,nearest,0.0,0.4284579013995209,0.23958472653444435,0.625,0.0020642201834862386,0.8812212347984314,nan
bc45d82eed58:0,70,inverse,0.14285714285714285,0.5881956654437163,0.5131650590308419,0.0,0.6997706422018348,0.3799973130226135,nan
bc45d82eed58:0,70,band_nofit,1.0,0.5755400067635275,0.5137200432121694,0.0,0.6978211009174312,0.20066191256046295,nan
bc45d82eed58:0,70,golddigger,1.0,0.5755400067635275,0.5137200432121694,0.0,0.6978211009174312,0.20066191256046295,nan
bc45d82eed58:0,90,random,0.0,0.44166000643017306,0.1269091053248949,0.375,0.574598623853211,0.2819802463054657,nan
bc45d82eed58:0,90,metadata,0.0,0.7227025565267464,0.7124150545328454,0.0,0.23371559633027525,0.5774011611938477,nan
bc45d82eed58:0,90,nearest,0.0,0.4284579013995209,0.23958472653444435,0.625,0.0020642201834862386,0.8812212347984314,nan
bc45d82eed58:0,90,inverse,0.45454545454545453,0.5222171162280561,0.15064974459372021,0.125,0.899770642201835,0.4077219069004059,nan
bc45d82eed58:0,90,band_nofit,0.6,0.523348074427357,0.15064974459372021,0.125,0.899369266055046,0.2618046700954437,nan
bc45d82eed58:0,90,golddigger,1.0,0.5584282958846711,0.5138272449459427,0.0,0.8987385321100918,0.25814610719680786,nan
755ebf9d1bbc:0,10,random,0.0,0.6426778531529753,0.44556756974199274,0.25,0.6405389908256881,0.23937706649303436,0.25
755ebf9d1bbc:0,10,metadata,0.0,0.7481652832487233,0.7389551904414424,0.0,0.4772935779816514,0.45348337292671204,0.0
755ebf9d1bbc:0,10,nearest,0.0,0.37755687796906895,0.22408984496076476,0.5,0.0020642201834862386,0.8829841017723083,1.0
755ebf9d1bbc:0,10,inverse,0.0,0.19935788782688574,0.11175361488969734,1.0,0.10022935779816514,0.6528947949409485,1.0
755ebf9d1bbc:0,10,band_nofit,0.06666666666666667,0.2748732890970542,0.08482294238276347,0.875,0.10097477064220184,0.48406487703323364,0.5
755ebf9d1bbc:0,10,golddigger,1.0,0.5347938125715048,0.45263901813147916,0.0,0.09959862385321101,0.41918468475341797,0.375
755ebf9d1bbc:0,30,random,0.0,0.6426778531529753,0.44556756974199274,0.25,0.6405389908256881,0.23937706649303436,0.25
755ebf9d1bbc:0,30,metadata,0.0,0.7481652832487233,0.7389551904414424,0.0,0.4772935779816514,0.45348337292671204,0.0
755ebf9d1bbc:0,30,nearest,0.0,0.37755687796906895,0.22408984496076476,0.5,0.0020642201834862386,0.8829841017723083,1.0
755ebf9d1bbc:0,30,inverse,0.06666666666666667,0.3498243492247893,0.08451825060197557,0.75,0.2997706422018349,0.4228343963623047,0.25
755ebf9d1bbc:0,30,band_nofit,0.06666666666666667,0.26599462954381925,0.08451825060197557,0.875,0.3020642201834863,0.3377918601036072,0.25
755ebf9d1bbc:0,30,golddigger,1.0,0.6102969515553901,0.4629522873222149,0.0,0.3039564220183486,0.39193078875541687,0.125
755ebf9d1bbc:0,50,random,0.0,0.6426778531529753,0.44556756974199274,0.25,0.6405389908256881,0.23937706649303436,0.25
755ebf9d1bbc:0,50,metadata,0.0,0.7481652832487233,0.7389551904414424,0.0,0.4772935779816514,0.45348337292671204,0.0
755ebf9d1bbc:0,50,nearest,0.0,0.37755687796906895,0.22408984496076476,0.5,0.0020642201834862386,0.8829841017723083,1.0
755ebf9d1bbc:0,50,inverse,0.23076923076923078,0.5201078585038906,0.27325805674737375,0.5,0.49977064220183487,0.3783665597438812,0.125
755ebf9d1bbc:0,50,band_nofit,0.3333333333333333,0.523853175080737,0.17772866512314625,0.375,0.49816513761467895,0.24973729252815247,0.125
755ebf9d1bbc:0,50,golddigger,1.0,0.6139308583024499,0.4505201294840978,0.0,0.49913990825688076,0.2778622508049011,0.125
755ebf9d1bbc:0,70,random,0.0,0.6426778531529753,0.44556756974199274,0.25,0.6405389908256881,0.23937706649303436,0.25
755ebf9d1bbc:0,70,metadata,0.0,0.7481652832487233,0.7389551904414424,0.0,0.4772935779816514,0.45348337292671204,0.0
755ebf9d1bbc:0,70,nearest,0.0,0.37755687796906895,0.22408984496076476,0.5,0.0020642201834862386,0.8829841017723083,1.0
755ebf9d1bbc:0,70,inverse,0.3333333333333333,0.5173690828115136,0.17769673637582042,0.25,0.6997706422018348,0.30990585684776306,0.0
755ebf9d1bbc:0,70,band_nofit,0.6,0.49039118777206414,0.1774882653150291,0.25,0.6982798165137615,0.2411462962627411,0.125
755ebf9d1bbc:0,70,golddigger,1.0,0.613956168488383,0.4574994218648586,0.0,0.6989105504587156,0.22618576884269714,0.125
755ebf9d1bbc:0,90,random,0.0,0.6426778531529753,0.44556756974199274,0.25,0.6405389908256881,0.23937706649303436,0.25
755ebf9d1bbc:0,90,metadata,0.0,0.7481652832487233,0.7389551904414424,0.0,0.4772935779816514,0.45348337292671204,0.0
755ebf9d1bbc:0,90,nearest,0.0,0.37755687796906895,0.22408984496076476,0.5,0.0020642201834862386,0.8829841017723083,1.0
755ebf9d1bbc:0,90,inverse,0.06666666666666667,0.41794552357399,0.17742452826763402,0.625,0.899770642201835,0.3885835111141205,0.25
755ebf9d1bbc:0,90,band_nofit,0.23076923076923078,0.47602780053874466,0.15348824802565003,0.5,0.8994839449541285,0.2707671821117401,0.25
755ebf9d1bbc:0,90,golddigger,1.0,0.6834999949538723,0.4817763062585915,0.0,0.8994839449541285,0.32976460456848145,0.0
fc63005777b1:0,10,random,0.0,0.6589858673487836,0.3986483560954858,0.125,0.5299311926605506,0.28091245889663696,0.125
fc63005777b1:0,10,metadata,0.0,0.7595833729786674,0.7473277068718481,0.0,0.45097477064220187,0.4928450286388397,0.0
fc63005777b1:0,10,nearest,0.0,0.3800530740353959,0.2506014559053446,0.75,0.0020642201834862386,0.9430362582206726,1.0
fc63005777b1:0,10,inverse,0.23076923076923078,0.6082928279473094,0.44459152867260676,0.25,0.10022935779816514,0.5691347718238831,0.25
fc63005777b1:0,10,band_nofit,0.3333333333333333,0.5723692989181461,0.32133911596996184,0.375,0.09902522935779817,0.34337952733039856,0.375
fc63005777b1:0,10,golddigger,1.0,0.6667173930904291,0.599239345475619,0.0,0.09891055045871561,0.4042666256427765,0.0
fc63005777b1:0,30,random,0.0,0.6589858673487836,0.3986483560954858,0.125,0.5299311926605506,0.28091245889663696,0.125
fc63005777b1:0,30,metadata,0.0,0.7595833729786674,0.7473277068718481,0.0,0.45097477064220187,0.4928450286388397,0.0
fc63005777b1:0,30,nearest,0.0,0.3800530740353959,0.2506014559053446,0.75,0.0020642201834862386,0.9430362582206726,1.0
fc63005777b1:0,30,inverse,0.45454545454545453,0.6827023634886047,0.5998785344138868,0.0,0.3002293577981652,0.3631855845451355,0.0
fc63005777b1:0,30,band_nofit,1.0,0.6841547186079103,0.593121261869959,0.0,0.30091743119266057,0.30194544792175293,0.0
fc63005777b1:0,30,golddigger,1.0,0.6841547186079103,0.593121261869959,0.0,0.30091743119266057,0.30194544792175293,0.0
fc63005777b1:0,50,random,0.0,0.6589858673487836,0.3986483560954858,0.125,0.5299311926605506,0.28091245889663696,0.125
fc63005777b1:0,50,metadata,0.0,0.7595833729786674,0.7473277068718481,0.0,0.45097477064220187,0.4928450286388397,0.0
fc63005777b1:0,50,nearest,0.0,0.3800530740353959,0.2506014559053446,0.75,0.0020642201834862386,0.9430362582206726,1.0
fc63005777b1:0,50,inverse,0.23076923076923078,0.6815662259627089,0.5777947670533723,0.0,0.49977064220183487,0.3133084774017334,0.0
fc63005777b1:0,50,band_nofit,1.0,0.6743948038148102,0.5232167967418254,0.0,0.5006307339449542,0.21657760441303253,0.0
fc63005777b1:0,50,golddigger,1.0,0.6743948038148102,0.5232167967418254,0.0,0.5006307339449542,0.21657760441303253,0.0
fc63005777b1:0,70,random,0.0,0.6589858673487836,0.3986483560954858,0.125,0.5299311926605506,0.28091245889663696,0.125
fc63005777b1:0,70,metadata,0.0,0.7595833729786674,0.7473277068718481,0.0,0.45097477064220187,0.4928450286388397,0.0
fc63005777b1:0,70,nearest,0.0,0.3800530740353959,0.2506014559053446,0.75,0.0020642201834862386,0.9430362582206726,1.0
fc63005777b1:0,70,inverse,0.14285714285714285,0.6950423805717993,0.5787869398576376,0.0,0.6997706422018348,0.43988922238349915,0.0
fc63005777b1:0,70,band_nofit,1.0,0.7080012714477094,0.6792100105096325,0.0,0.6982224770642202,0.22743014991283417,0.0
fc63005777b1:0,70,golddigger,1.0,0.7080012714477094,0.6792100105096325,0.0,0.6982224770642202,0.22743014991283417,0.0
fc63005777b1:0,90,random,0.0,0.6589858673487836,0.3986483560954858,0.125,0.5299311926605506,0.28091245889663696,0.125
fc63005777b1:0,90,metadata,0.0,0.7595833729786674,0.7473277068718481,0.0,0.45097477064220187,0.4928450286388397,0.0
fc63005777b1:0,90,nearest,0.0,0.3800530740353959,0.2506014559053446,0.75,0.0020642201834862386,0.9430362582206726,1.0
fc63005777b1:0,90,inverse,0.45454545454545453,0.7091252296175378,0.6913773860340237,0.0,0.899770642201835,0.4159683883190155,0.0
fc63005777b1:0,90,band_nofit,1.0,0.6910665185788292,0.5816931561812501,0.0,0.8992545871559634,0.27801331877708435,0.0
fc63005777b1:0,90,golddigger,1.0,0.6910665185788292,0.5816931561812501,0.0,0.8992545871559634,0.27801331877708435,0.0
f3d5cd4b97e0:0,10,random,0.0,0.523385108839741,0.1477383297266248,0.125,0.5456995412844037,0.3140401244163513,nan
f3d5cd4b97e0:0,10,metadata,0.0,0.7220947970272347,0.7144652016856857,0.0,0.16467889908256883,0.5626457333564758,nan
f3d5cd4b97e0:0,10,nearest,0.0,0.5315749301548482,0.3851743015399047,0.5,0.0020642201834862386,0.8960299491882324,nan
f3d5cd4b97e0:0,10,inverse,0.3333333333333333,0.4774244666697294,0.17198129127867806,0.375,0.10022935779816514,0.557904064655304,nan
f3d5cd4b97e0:0,10,band_nofit,0.45454545454545453,0.5067188343257446,0.17198129127867806,0.375,0.10074541284403671,0.46193554997444153,nan
f3d5cd4b97e0:0,10,golddigger,1.0,0.6039023894802872,0.5152703912267673,0.0,0.10057339449541285,0.46079879999160767,nan
f3d5cd4b97e0:0,30,random,0.0,0.523385108839741,0.1477383297266248,0.125,0.5456995412844037,0.3140401244163513,nan
f3d5cd4b97e0:0,30,metadata,0.0,0.7220947970272347,0.7144652016856857,0.0,0.16467889908256883,0.5626457333564758,nan
f3d5cd4b97e0:0,30,nearest,0.0,0.5315749301548482,0.3851743015399047,0.5,0.0020642201834862386,0.8960299491882324,nan
f3d5cd4b97e0:0,30,inverse,0.23076923076923078,0.4833910028637672,0.15790086615976198,0.25,0.2997706422018349,0.34811297059059143,nan
f3d5cd4b97e0:0,30,band_nofit,0.23076923076923078,0.5637754137723725,0.38492132979832283,0.125,0.3010894495412844,0.3100740313529968,nan
f3d5cd4b97e0:0,30,golddigger,1.0,0.530902267612956,0.4896230835327796,0.0,0.29994266055045876,0.30966368317604065,nan
f3d5cd4b97e0:0,50,random,0.0,0.523385108839741,0.1477383297266248,0.125,0.5456995412844037,0.3140401244163513,nan
f3d5cd4b97e0:0,50,metadata,0.0,0.7220947970272347,0.7144652016856857,0.0,0.16467889908256883,0.5626457333564758,nan
f3d5cd4b97e0:0,50,nearest,0.0,0.5315749301548482,0.3851743015399047,0.5,0.0020642201834862386,0.8960299491882324,nan
f3d5cd4b97e0:0,50,inverse,0.06666666666666667,0.39228901004522304,0.169454936365346,0.75,0.49977064220183487,0.37984973192214966,nan
f3d5cd4b97e0:0,50,band_nofit,0.3333333333333333,0.511582492203874,0.35962746486622965,0.375,0.4990825688073394,0.23824986815452576,nan
f3d5cd4b97e0:0,50,golddigger,1.0,0.5683719418141497,0.45125634604710746,0.0,0.5004013761467889,0.25984975695610046,nan
f3d5cd4b97e0:0,70,random,0.0,0.523385108839741,0.1477383297266248,0.125,0.5456995412844037,0.3140401244163513,nan
f3d5cd4b97e0:0,70,metadata,0.0,0.7220947970272347,0.7144652016856857,0.0,0.16467889908256883,0.5626457333564758,nan
f3d5cd4b97e0:0,70,nearest,0.0,0.5315749301548482,0.3851743015399047,0.5,0.0020642201834862386,0.8960299491882324,nan
f3d5cd4b97e0:0,70,inverse,0.23076923076923078,0.4310343527202669,0.07143080620947984,0.25,0.6997706422018348,0.36764833331108093,nan
f3d5cd4b97e0:0,70,band_nofit,0.6,0.5041220647162897,0.07143080620947984,0.125,0.702809633027523,0.1880141645669937,nan
f3d5cd4b97e0:0,70,golddigger,1.0,0.5472820233224638,0.47036571018378137,0.0,0.7019495412844037,0.1895911991596222,nan
f3d5cd4b97e0:0,90,random,0.06666666666666667,0.523385108839741,0.1477383297266248,0.125,0.5456995412844037,0.3140401244163513,nan
f3d5cd4b97e0:0,90,metadata,0.0,0.7220947970272347,0.7144652016856857,0.0,0.16467889908256883,0.5626457333564758,nan
f3d5cd4b97e0:0,90,nearest,0.0,0.5315749301548482,0.3851743015399047,0.5,0.0020642201834862386,0.8960299491882324,nan
f3d5cd4b97e0:0,90,inverse,0.23076923076923078,0.6134552027345492,0.589604495674812,0.0,0.899770642201835,0.3542512357234955,nan
f3d5cd4b97e0:0,90,band_nofit,0.45454545454545453,0.5111326122998495,0.16945776539899723,0.25,0.8989105504587157,0.22431926429271698,nan
f3d5cd4b97e0:0,90,golddigger,1.0,0.5918132431219265,0.5145390328663447,0.0,0.8989678899082569,0.2663949728012085,nan
92058602e975:0,10,random,0.0,0.6322761702907379,0.4271766199046826,0.25,0.6784977064220183,0.29709526896476746,0.25
92058602e975:0,10,metadata,0.0,0.7420746343476057,0.7413989952493424,0.0,0.3111811926605505,0.7808262705802917,0.0
92058602e975:0,10,nearest,0.0,0.4467347801039129,0.42810787440647774,0.875,0.0020642201834862386,0.7606086730957031,1.0
92058602e975:0,10,inverse,0.23076923076923078,0.5374850097462087,0.4417155559231424,0.625,0.10022935779816514,0.48260948061943054,0.625
92058602e975:0,10,band_nofit,0.45454545454545453,0.5921655414890558,0.4490767148037415,0.125,0.10126146788990825,0.36662766337394714,0.375
92058602e975:0,10,golddigger,1.0,0.6068952049382519,0.45087415475714515,0.0,0.10034403669724772,0.36961954832077026,0.25
92058602e975:0,30,random,0.0,0.6322761702907379,0.4271766199046826,0.25,0.6784977064220183,0.29709526896476746,0.25
92058602e975:0,30,metadata,0.0,0.7420746343476057,0.7413989952493424,0.0,0.3111811926605505,0.7808262705802917,0.0
92058602e975:0,30,nearest,0.0,0.4467347801039129,0.42810787440647774,0.875,0.0020642201834862386,0.7606086730957031,1.0
92058602e975:0,30,inverse,0.3333333333333333,0.6195282157323032,0.4366728726833613,0.125,0.2997706422018349,0.29366371035575867,0.125
92058602e975:0,30,band_nofit,0.45454545454545453,0.6339600449376741,0.4366728726833613,0.125,0.29931192660550465,0.27728670835494995,0.125
92058602e975:0,30,golddigger,1.0,0.6779236238144843,0.5729959431159465,0.0,0.29879587155963305,0.2828103005886078,0.0
92058602e975:0,50,random,0.0,0.6322761702907379,0.4271766199046826,0.25,0.6784977064220183,0.29709526896476746,0.25
92058602e975:0,50,metadata,0.0,0.7420746343476057,0.7413989952493424,0.0,0.3111811926605505,0.7808262705802917,0.0
92058602e975:0,50,nearest,0.0,0.4467347801039129,0.42810787440647774,0.875,0.0020642201834862386,0.7606086730957031,1.0
92058602e975:0,50,inverse,0.14285714285714285,0.5665050206093755,0.43301092887175535,0.5,0.49977064220183487,0.3686707317829132,0.5
92058602e975:0,50,band_nofit,0.45454545454545453,0.6255126021580975,0.43301092887175535,0.25,0.4999426605504587,0.2202131599187851,0.25
92058602e975:0,50,golddigger,1.0,0.6606193939800861,0.4507476505990474,0.0,0.4993119266055046,0.22402159869670868,0.125
92058602e975:0,70,random,0.0,0.6322761702907379,0.4271766199046826,0.25,0.6784977064220183,0.29709526896476746,0.25
92058602e975:0,70,metadata,0.0,0.7420746343476057,0.7413989952493424,0.0,0.3111811926605505,0.7808262705802917,0.0
92058602e975:0,70,nearest,0.0,0.4467347801039129,0.42810787440647774,0.875,0.0020642201834862386,0.7606086730957031,1.0
92058602e975:0,70,inverse,0.6,0.6841516196554702,0.6007227631713637,0.0,0.6997706422018348,0.40453559160232544,0.0
92058602e975:0,70,band_nofit,0.7777777777777778,0.6495569953161469,0.43484623412467455,0.125,0.7005160550458716,0.30565235018730164,0.125
92058602e975:0,70,golddigger,1.0,0.6842519888241588,0.6007227631713637,0.0,0.7009174311926605,0.3333466649055481,0.0
92058602e975:0,90,random,0.0,0.6322761702907379,0.4271766199046826,0.25,0.6784977064220183,0.29709526896476746,0.25
92058602e975:0,90,metadata,0.0,0.7420746343476057,0.7413989952493424,0.0,0.3111811926605505,0.7808262705802917,0.0
92058602e975:0,90,nearest,0.0,0.4467347801039129,0.42810787440647774,0.875,0.0020642201834862386,0.7606086730957031,1.0
92058602e975:0,90,inverse,0.23076923076923078,0.7122127161978036,0.7113275505293061,0.0,0.899770642201835,0.41420459747314453,0.0
92058602e975:0,90,band_nofit,0.7777777777777778,0.6644555880384517,0.4492329440382162,0.125,0.9003440366972477,0.2804631292819977,0.125
92058602e975:0,90,golddigger,1.0,0.6973414414501379,0.6008339822272558,0.0,0.8998853211009175,0.3080539107322693,0.0
6b9168505e48:0,10,random,0.0,0.4401062190238297,0.07055025703621151,0.375,0.45756880733944955,0.30965811014175415,0.0
6b9168505e48:0,10,metadata,0.0,0.7445208650537443,0.7235328630300298,0.0,0.5870412844036698,0.46692150831222534,0.0
6b9168505e48:0,10,nearest,0.0,0.2489273610212312,0.02954839077746683,0.875,0.0020642201834862386,0.8838467001914978,1.0
6b9168505e48:0,10,inverse,0.06666666666666667,0.12837552167108207,0.05319203277826353,0.875,0.09977064220183487,0.40351781249046326,0.25
6b9168505e48:0,10,band_nofit,0.14285714285714285,0.24611784012962312,0.05319203277826353,0.75,0.1010894495412844,0.3936518132686615,0.25
6b9168505e48:0,10,golddigger,1.0,0.6419977512510615,0.5302565105143376,0.0,0.10097477064220184,0.44840309023857117,0.0
6b9168505e48:0,30,random,0.0,0.4401062190238297,0.07055025703621151,0.375,0.45756880733944955,0.30965811014175415,0.0
6b9168505e48:0,30,metadata,0.0,0.7445208650537443,0.7235328630300298,0.0,0.5870412844036698,0.46692150831222534,0.0
6b9168505e48:0,30,nearest,0.0,0.2489273610212312,0.02954839077746683,0.875,0.0020642201834862386,0.8838467001914978,1.0
6b9168505e48:0,30,inverse,0.14285714285714285,0.23742420813545442,0.059786042022618655,0.75,0.3002293577981652,0.4091573655605316,0.0
6b9168505e48:0,30,band_nofit,0.3333333333333333,0.3688675904403561,0.05303600907125334,0.5,0.30137614678899083,0.26532894372940063,0.125
6b9168505e48:0,30,golddigger,1.0,0.6513533929104796,0.5102329662087731,0.0,0.30108944954128447,0.30337899923324585,0.0
6b9168505e48:0,50,random,0.0,0.4401062190238297,0.07055025703621151,0.375,0.45756880733944955,0.30965811014175415,0.0
6b9168505e48:0,50,metadata,0.0,0.7445208650537443,0.7235328630300298,0.0,0.5870412844036698,0.46692150831222534,0.0
6b9168505e48:0,50,nearest,0.0,0.2489273610212312,0.02954839077746683,0.875,0.0020642201834862386,0.8838467001914978,1.0
6b9168505e48:0,50,inverse,0.06666666666666667,0.15594482524327352,0.05210381194135278,0.875,0.49977064220183487,0.5057026147842407,0.125
6b9168505e48:0,50,band_nofit,0.23076923076923078,0.4453971666930536,0.08215451972521476,0.375,0.49833715596330275,0.27358826994895935,0.0
6b9168505e48:0,50,golddigger,1.0,0.6968808147233926,0.6001076281004755,0.0,0.5026376146788991,0.3131802976131439,0.0
6b9168505e48:0,70,random,0.0,0.4401062190238297,0.07055025703621151,0.375,0.45756880733944955,0.30965811014175415,0.0
6b9168505e48:0,70,metadata,0.0,0.7445208650537443,0.7235328630300298,0.0,0.5870412844036698,0.46692150831222534,0.0
6b9168505e48:0,70,nearest,0.0,0.2489273610212312,0.02954839077746683,0.875,0.0020642201834862386,0.8838467001914978,1.0
6b9168505e48:0,70,inverse,0.23076923076923078,0.3918253760172905,0.07106647599178328,0.5,0.6997706422018348,0.36654430627822876,0.0
6b9168505e48:0,70,band_nofit,0.23076923076923078,0.4622079090709921,0.0833681334455372,0.375,0.6993119266055046,0.2802959680557251,0.0
6b9168505e48:0,70,golddigger,1.0,0.6907607876922879,0.5760527241985288,0.0,0.6998853211009175,0.3546295762062073,0.0
6b9168505e48:0,90,random,0.0,0.4401062190238297,0.07055025703621151,0.375,0.45756880733944955,0.30965811014175415,0.0
6b9168505e48:0,90,metadata,0.0,0.7445208650537443,0.7235328630300298,0.0,0.5870412844036698,0.46692150831222534,0.0
6b9168505e48:0,90,nearest,0.0,0.2489273610212312,0.02954839077746683,0.875,0.0020642201834862386,0.8838467001914978,1.0
6b9168505e48:0,90,inverse,0.3333333333333333,0.5388085921187267,0.08433171930736924,0.25,0.899770642201835,0.419437438249588,0.0
6b9168505e48:0,90,band_nofit,0.6,0.5387746603269701,0.08393804453556473,0.25,0.8987958715596331,0.27156850695610046,0.0
6b9168505e48:0,90,golddigger,1.0,0.6953961577933055,0.5994205872947996,0.0,0.8988532110091744,0.2739030122756958,0.0
bcce607a4e4f:0,10,random,0.0,0.5080546355120341,0.19628358715058,0.375,0.49128440366972476,0.2392493486404419,0.5
bcce607a4e4f:0,10,metadata,0.0,0.8444636268297766,0.8444151449597365,0.0,0.8868692660550459,0.7309505343437195,0.0
bcce607a4e4f:0,10,nearest,0.0,0.43014460459979076,0.20552284880781976,0.5,0.0020642201834862386,0.9307474493980408,1.0
bcce607a4e4f:0,10,inverse,0.14285714285714285,0.4613510141906504,0.14675057332470431,0.625,0.10022935779816514,0.5301117300987244,0.375
bcce607a4e4f:0,10,band_nofit,0.14285714285714285,0.45328862032155176,0.14675057332470431,0.625,0.09965596330275231,0.4567979872226715,0.5
bcce607a4e4f:0,10,golddigger,1.0,0.592232348674876,0.4621455198002187,0.0,0.10137614678899082,0.46195030212402344,0.25
bcce607a4e4f:0,30,random,0.0,0.5080546355120341,0.19628358715058,0.375,0.49128440366972476,0.2392493486404419,0.5
bcce607a4e4f:0,30,metadata,0.0,0.8444636268297766,0.8444151449597365,0.0,0.8868692660550459,0.7309505343437195,0.0
bcce607a4e4f:0,30,nearest,0.0,0.43014460459979076,0.20552284880781976,0.5,0.0020642201834862386,0.9307474493980408,1.0
bcce607a4e4f:0,30,inverse,0.14285714285714285,0.3531147755932101,0.09478169144712728,0.75,0.2997706422018349,0.34528040885925293,0.5
bcce607a4e4f:0,30,band_nofit,0.23076923076923078,0.40693094285539155,0.14237184525436467,0.625,0.30063073394495415,0.27989548444747925,0.5
bcce607a4e4f:0,30,golddigger,1.0,0.6118508367399214,0.45296480085771157,0.0,0.29919724770642203,0.33677148818969727,0.25
bcce607a4e4f:0,50,random,0.0,0.5080546355120341,0.19628358715058,0.375,0.49128440366972476,0.2392493486404419,0.5
bcce607a4e4f:0,50,metadata,0.0,0.8444636268297766,0.8444151449597365,0.0,0.8868692660550459,0.7309505343437195,0.0
bcce607a4e4f:0,50,nearest,0.0,0.43014460459979076,0.20552284880781976,0.5,0.0020642201834862386,0.9307474493980408,1.0
bcce607a4e4f:0,50,inverse,0.23076923076923078,0.4726597548420109,0.19274597590236933,0.5,0.49977064220183487,0.43806928396224976,0.125
bcce607a4e4f:0,50,band_nofit,0.23076923076923078,0.5243843439051824,0.19274597590236933,0.375,0.4989105504587156,0.19074079394340515,0.375
bcce607a4e4f:0,50,golddigger,1.0,0.6275255910162321,0.4510108215724337,0.0,0.49954128440366974,0.25941336154937744,0.0
bcce607a4e4f:0,70,random,0.0,0.5080546355120341,0.19628358715058,0.375,0.49128440366972476,0.2392493486404419,0.5
bcce607a4e4f:0,70,metadata,0.0,0.8444636268297766,0.8444151449597365,0.0,0.8868692660550459,0.7309505343437195,0.0
bcce607a4e4f:0,70,nearest,0.0,0.43014460459979076,0.20552284880781976,0.5,0.0020642201834862386,0.9307474493980408,1.0
bcce607a4e4f:0,70,inverse,0.3333333333333333,0.5322855345716191,0.09479043987479578,0.25,0.6997706422018348,0.4494507610797882,0.0
bcce607a4e4f:0,70,band_nofit,0.7777777777777778,0.6243641930060794,0.43854620596446453,0.125,0.7021788990825689,0.28617796301841736,0.0
bcce607a4e4f:0,70,golddigger,1.0,0.6345304702907819,0.5046188792735526,0.0,0.7016628440366973,0.2978566586971283,0.0
bcce607a4e4f:0,90,random,0.0,0.5080546355120341,0.19628358715058,0.375,0.49128440366972476,0.2392493486404419,0.5
bcce607a4e4f:0,90,metadata,0.0,0.8444636268297766,0.8444151449597365,0.0,0.8868692660550459,0.7309505343437195,0.0
bcce607a4e4f:0,90,nearest,0.0,0.43014460459979076,0.20552284880781976,0.5,0.0020642201834862386,0.9307474493980408,1.0
bcce607a4e4f:0,90,inverse,0.14285714285714285,0.48668376120134804,0.3278920893786206,0.375,0.899770642201835,0.45450201630592346,0.125
bcce607a4e4f:0,90,band_nofit,0.3333333333333333,0.5136870610679549,0.09093597548410466,0.375,0.8978211009174313,0.2669322192668915,0.125
bcce607a4e4f:0,90,golddigger,1.0,0.6184612590248433,0.4618511716370302,0.0,0.8981077981651377,0.3752599358558655,0.0
a503ab93a946:0,10,random,0.0,0.6996220660670054,0.3302736882903213,0.125,0.425,0.313946932554245,0.0
a503ab93a946:0,10,metadata,0.0,0.8619681044346876,0.8564986704829661,0.0,0.18371559633027523,0.5310490131378174,0.0
a503ab93a946:0,10,nearest,0.0,0.3099765827516352,0.05510488974392361,0.875,0.0020642201834862386,0.920158326625824,1.0
a503ab93a946:0,10,inverse,0.23076923076923078,0.5944189938478771,0.2006696381829408,0.25,0.10022935779816514,0.624224841594696,0.125
a503ab93a946:0,10,band_nofit,0.23076923076923078,0.4268793107655824,0.051953555990048444,0.625,0.10137614678899083,0.4407491087913513,0.25
a503ab93a946:0,10,golddigger,1.0,0.7187223067332126,0.5314440430401393,0.0,0.10217889908256882,0.4437496066093445,0.125
a503ab93a946:0,30,random,0.0,0.6996220660670054,0.3302736882903213,0.125,0.425,0.313946932554245,0.0
a503ab93a946:0,30,metadata,0.0,0.8619681044346876,0.8564986704829661,0.0,0.18371559633027523,0.5310490131378174,0.0
a503ab93a946:0,30,nearest,0.0,0.3099765827516352,0.05510488974392361,0.875,0.0020642201834862386,0.920158326625824,1.0
a503ab93a946:0,30,inverse,0.45454545454545453,0.4692021749601194,0.05272776495628506,0.375,0.2997706422018349,0.3961315155029297,0.125
a503ab93a946:0,30,band_nofit,0.45454545454545453,0.5715667259408659,0.05272776495628506,0.25,0.30040137614678897,0.31933608651161194,0.125
a503ab93a946:0,30,golddigger,1.0,0.6571973493772125,0.5133292332369251,0.0,0.300802752293578,0.33618131279945374,0.125
a503ab93a946:0,50,random,0.0,0.6996220660670054,0.3302736882903213,0.125,0.425,0.313946932554245,0.0
a503ab93a946:0,50,metadata,0.0,0.8619681044346876,0.8564986704829661,0.0,0.18371559633027523,0.5310490131378174,0.0
a503ab93a946:0,50,nearest,0.0,0.3099765827516352,0.05510488974392361,0.875,0.0020642201834862386,0.920158326625824,1.0
a503ab93a946:0,50,inverse,0.3333333333333333,0.7076584675574438,0.5233687273780695,0.0,0.49977064220183487,0.3421034812927246,0.0
a503ab93a946:0,50,band_nofit,0.23076923076923078,0.6247544172888956,0.24125266764839132,0.375,0.5004587155963303,0.23548884689807892,0.125
a503ab93a946:0,50,golddigger,1.0,0.7608745160440832,0.7030777506018598,0.0,0.49713302752293576,0.31076580286026,0.0
a503ab93a946:0,70,random,0.0,0.6996220660670054,0.3302736882903213,0.125,0.425,0.313946932554245,0.0
a503ab93a946:0,70,metadata,0.0,0.8619681044346876,0.8564986704829661,0.0,0.18371559633027523,0.5310490131378174,0.0
a503ab93a946:0,70,nearest,0.0,0.3099765827516352,0.05510488974392361,0.875,0.0020642201834862386,0.920158326625824,1.0
a503ab93a946:0,70,inverse,0.23076923076923078,0.5210330116415753,0.07067875432051063,0.375,0.6997706422018348,0.24535275995731354,0.125
a503ab93a946:0,70,band_nofit,0.3333333333333333,0.5548662629687693,0.07067875432051063,0.375,0.6989105504587156,0.19965235888957977,0.125
a503ab93a946:0,70,golddigger,1.0,0.6806357761531833,0.46476197996739815,0.0,0.7002866972477064,0.23754465579986572,0.0
a503ab93a946:0,90,random,0.0,0.6996220660670054,0.3302736882903213,0.125,0.425,0.313946932554245,0.0
a503ab93a946:0,90,metadata,0.0,0.8619681044346876,0.8564986704829661,0.0,0.18371559633027523,0.5310490131378174,0.0
a503ab93a946:0,90,nearest,0.0,0.3099765827516352,0.05510488974392361,0.875,0.0020642201834862386,0.920158326625824,1.0
a503ab93a946:0,90,inverse,0.23076923076923078,0.5437407842094288,0.10535346271203729,0.25,0.899770642201835,0.4711894094944,0.0
a503ab93a946:0,90,band_nofit,0.7777777777777778,0.6206938928826209,0.2004944462498411,0.125,0.8991972477064221,0.33535051345825195,0.0
a503ab93a946:0,90,golddigger,1.0,0.6846837370305943,0.5253333770676794,0.0,0.8987385321100918,0.3185054361820221,0.0
a2e0f0693186:0,10,random,0.0,0.5718403709174399,0.40011003839372794,0.25,0.5978211009174312,0.29231715202331543,0.0
a2e0f0693186:0,10,metadata,0.0,0.844463457170879,0.8444147026396466,0.0,0.8849770642201835,0.7309505343437195,0.0
a2e0f0693186:0,10,nearest,0.0,0.4105916201927835,0.20551011945166203,0.625,0.0020642201834862386,0.9335660338401794,1.0
a2e0f0693186:0,10,inverse,0.23076923076923078,0.35126760369770726,0.07143192427912361,0.625,0.10022935779816515,0.604680061340332,0.0
a2e0f0693186:0,10,band_nofit,0.3333333333333333,0.44122335394414763,0.08439282142809118,0.5,0.0985665137614679,0.43262559175491333,0.375
a2e0f0693186:0,10,golddigger,1.0,0.6210779920332301,0.4595548687705517,0.0,0.10103211009174312,0.44605186581611633,0.125
a2e0f0693186:0,30,random,0.0,0.5718403709174399,0.40011003839372794,0.25,0.5978211009174312,0.29231715202331543,0.0
a2e0f0693186:0,30,metadata,0.0,0.844463457170879,0.8444147026396466,0.0,0.8849770642201835,0.7309505343437195,0.0
a2e0f0693186:0,30,nearest,0.0,0.4105916201927835,0.20551011945166203,0.625,0.0020642201834862386,0.9335660338401794,1.0
a2e0f0693186:0,30,inverse,0.06666666666666667,0.31816474376110626,0.13848522541567465,0.875,0.2997706422018349,0.4233599305152893,0.75
a2e0f0693186:0,30,band_nofit,0.23076923076923078,0.5072264533550274,0.19435827905502284,0.5,0.3001146788990826,0.32595863938331604,0.375
a2e0f0693186:0,30,golddigger,1.0,0.6214395436575739,0.5062841570509531,0.0,0.3008600917431193,0.33630356192588806,0.125
a2e0f0693186:0,50,random,0.0,0.5718403709174399,0.40011003839372794,0.25,0.5978211009174312,0.29231715202331543,0.0
a2e0f0693186:0,50,metadata,0.0,0.844463457170879,0.8444147026396466,0.0,0.8849770642201835,0.7309505343437195,0.0
a2e0f0693186:0,50,nearest,0.0,0.4105916201927835,0.20551011945166203,0.625,0.0020642201834862386,0.9335660338401794,1.0
a2e0f0693186:0,50,inverse,0.14285714285714285,0.4599715885870345,0.33649306735411955,0.5,0.49977064220183487,0.5421126484870911,0.25
a2e0f0693186:0,50,band_nofit,0.23076923076923078,0.49962977809380205,0.1355947728032741,0.375,0.496559633027523,0.24064458906650543,0.25
a2e0f0693186:0,50,golddigger,1.0,0.6610416663779772,0.45101071915488694,0.0,0.5009174311926605,0.29896876215934753,0.0
a2e0f0693186:0,70,random,0.0,0.5718403709174399,0.40011003839372794,0.25,0.5978211009174312,0.29231715202331543,0.0
a2e0f0693186:0,70,metadata,0.0,0.844463457170879,0.8444147026396466,0.0,0.8849770642201835,0.7309505343437195,0.0
a2e0f0693186:0,70,nearest,0.0,0.4105916201927835,0.20551011945166203,0.625,0.0020642201834862386,0.9335660338401794,1.0
a2e0f0693186:0,70,inverse,0.23076923076923078,0.6102795251776136,0.1841845289509809,0.125,0.6997706422018348,0.49679914116859436,0.0
a2e0f0693186:0,70,band_nofit,0.45454545454545453,0.506970909751576,0.1841845289509809,0.375,0.6998279816513762,0.275508314371109,0.0
a2e0f0693186:0,70,golddigger,1.0,0.6392610353301929,0.5197010557345627,0.0,0.6985091743119267,0.3426191806793213,0.0
a2e0f0693186:0,90,random,0.0,0.5718403709174399,0.40011003839372794,0.25,0.5978211009174312,0.29231715202331543,0.0
a2e0f0693186:0,90,metadata,0.0,0.844463457170879,0.8444147026396466,0.0,0.8849770642201835,0.7309505343437195,0.0
a2e0f0693186:0,90,nearest,0.0,0.4105916201927835,0.20551011945166203,0.625,0.0020642201834862386,0.9335660338401794,1.0
a2e0f0693186:0,90,inverse,0.3333333333333333,0.5847105087308642,0.46182911708915925,0.0,0.899770642201835,0.48668745160102844,0.0
a2e0f0693186:0,90,band_nofit,0.7777777777777778,0.6225077362941007,0.43871744409248553,0.125,0.8999426605504588,0.306747168302536,0.0
a2e0f0693186:0,90,golddigger,1.0,0.6326719162955918,0.46182911708915925,0.0,0.8992545871559634,0.316050261259079,0.0
3b069d03d235:0,10,random,0.0,0.6494039115720127,0.5955136138507706,0.0,0.5625573394495413,0.4358501732349396,0.0
3b069d03d235:0,10,metadata,0.06666666666666667,0.731819234506073,0.7259231887014915,0.0,0.37528669724770647,0.44106149673461914,0.0
3b069d03d235:0,10,nearest,0.0,0.3144827123277732,0.20048829276430147,0.875,0.0020642201834862386,0.9229777455329895,1.0
3b069d03d235:0,10,inverse,0.23076923076923078,0.6308938535600007,0.4193161346291913,0.125,0.10022935779816514,0.41085633635520935,0.125
3b069d03d235:0,10,band_nofit,0.7777777777777778,0.6251561520297126,0.4193161346291913,0.125,0.10200688073394495,0.36247870326042175,0.125
3b069d03d235:0,10,golddigger,1.0,0.6457692571260663,0.4958995608481738,0.0,0.10114678899082569,0.37055230140686035,0.0
3b069d03d235:0,30,random,0.0,0.6494039115720127,0.5955136138507706,0.0,0.5625573394495413,0.4358501732349396,0.0
3b069d03d235:0,30,metadata,0.0,0.731819234506073,0.7259231887014915,0.0,0.37528669724770647,0.44106149673461914,0.0
3b069d03d235:0,30,nearest,0.0,0.3144827123277732,0.20048829276430147,0.875,0.0020642201834862386,0.9229777455329895,1.0
3b069d03d235:0,30,inverse,0.23076923076923078,0.6136843676885915,0.4405227622737723,0.25,0.3002293577981652,0.39356479048728943,0.25
3b069d03d235:0,30,band_nofit,0.23076923076923078,0.6320608665884833,0.4469365140057983,0.125,0.2970756880733945,0.2893761098384857,0.125
3b069d03d235:0,30,golddigger,1.0,0.6478248318644695,0.5470580097729068,0.0,0.30217889908256884,0.26818937063217163,0.0
3b069d03d235:0,50,random,0.0,0.6494039115720127,0.5955136138507706,0.0,0.5625573394495413,0.4358501732349396,0.0
3b069d03d235:0,50,metadata,0.0,0.731819234506073,0.7259231887014915,0.0,0.37528669724770647,0.44106149673461914,0.0
3b069d03d235:0,50,nearest,0.0,0.3144827123277732,0.20048829276430147,0.875,0.0020642201834862386,0.9229777455329895,1.0
3b069d03d235:0,50,inverse,0.23076923076923078,0.6787263400037866,0.5820819651129691,0.0,0.49977064220183487,0.34240052103996277,0.0
3b069d03d235:0,50,band_nofit,1.0,0.6954762341942449,0.6005677694928767,0.0,0.4995986238532111,0.22840295732021332,0.0
3b069d03d235:0,50,golddigger,1.0,0.6954762341942449,0.6005677694928767,0.0,0.4995986238532111,0.22840295732021332,0.0
3b069d03d235:0,70,random,0.0,0.6494039115720127,0.5955136138507706,0.0,0.5625573394495413,0.4358501732349396,0.0
3b069d03d235:0,70,metadata,0.0,0.731819234506073,0.7259231887014915,0.0,0.37528669724770647,0.44106149673461914,0.0
3b069d03d235:0,70,nearest,0.0,0.3144827123277732,0.20048829276430147,0.875,0.0020642201834862386,0.9229777455329895,1.0
3b069d03d235:0,70,inverse,0.23076923076923078,0.6836555893754022,0.5992439708529892,0.0,0.6997706422018348,0.4472610354423523,0.0
3b069d03d235:0,70,band_nofit,1.0,0.6829476694848245,0.5956357552285965,0.0,0.696961009174312,0.23194822669029236,0.0
3b069d03d235:0,70,golddigger,1.0,0.6829476694848245,0.5956357552285965,0.0,0.696961009174312,0.23194822669029236,0.0
3b069d03d235:0,90,random,0.0,0.6494039115720127,0.5955136138507706,0.0,0.5625573394495413,0.4358501732349396,0.0
3b069d03d235:0,90,metadata,0.0,0.731819234506073,0.7259231887014915,0.0,0.37528669724770647,0.44106149673461914,0.0
3b069d03d235:0,90,nearest,0.0,0.3144827123277732,0.20048829276430147,0.875,0.0020642201834862386,0.9229777455329895,1.0
3b069d03d235:0,90,inverse,0.23076923076923078,0.6976509020468012,0.5989074663918854,0.0,0.899770642201835,0.38216668367385864,0.0
3b069d03d235:0,90,band_nofit,1.0,0.7113411740536626,0.7083729466086306,0.0,0.8998853211009175,0.28852057456970215,0.0
3b069d03d235:0,90,golddigger,1.0,0.7113411740536626,0.7083729466086306,0.0,0.8998853211009175,0.28852057456970215,0.0
259ccd9bfc74:0,10,random,0.0,0.5678417990286533,0.2512647742864232,0.25,0.5882454128440368,0.38589105010032654,0.125
259ccd9bfc74:0,10,metadata,0.0,0.8445491469040468,0.8444670481462652,0.0,0.6608944954128441,0.7120836973190308,0.0
259ccd9bfc74:0,10,nearest,0.0,0.25233817617793197,0.12190144107784863,0.75,0.0020642201834862386,0.9387469291687012,1.0
259ccd9bfc74:0,10,inverse,0.06666666666666667,0.2742819383973646,0.053174949229461324,0.875,0.09977064220183487,0.4957594573497772,0.5
259ccd9bfc74:0,10,band_nofit,0.23076923076923078,0.33837400800839557,0.053174949229461324,0.625,0.09982798165137616,0.4441521167755127,0.375
259ccd9bfc74:0,10,golddigger,1.0,0.5816085050965195,0.4510381961427541,0.0,0.09810779816513762,0.5205742120742798,0.125
259ccd9bfc74:0,30,random,0.0,0.5678417990286533,0.2512647742864232,0.25,0.5882454128440368,0.38589105010032654,0.125
259ccd9bfc74:0,30,metadata,0.0,0.8445491469040468,0.8444670481462652,0.0,0.6608944954128441,0.7120836973190308,0.0
259ccd9bfc74:0,30,nearest,0.0,0.25233817617793197,0.12190144107784863,0.75,0.0020642201834862386,0.9387469291687012,1.0
259ccd9bfc74:0,30,inverse,0.23076923076923078,0.4016099336747771,0.13217809811215406,0.625,0.3002293577981652,0.33574122190475464,0.625
259ccd9bfc74:0,30,band_nofit,0.45454545454545453,0.49266521579612643,0.13217809811215406,0.375,0.3014334862385321,0.3174521327018738,0.375
259ccd9bfc74:0,30,golddigger,1.0,0.5866110677741811,0.45101616061431243,0.0,0.30246559633027525,0.35670676827430725,0.125
259ccd9bfc74:0,50,random,0.0,0.5678417990286533,0.2512647742864232,0.25,0.5882454128440368,0.38589105010032654,0.125
259ccd9bfc74:0,50,metadata,0.0,0.8445491469040468,0.8444670481462652,0.0,0.6608944954128441,0.7120836973190308,0.0
259ccd9bfc74:0,50,nearest,0.0,0.25233817617793197,0.12190144107784863,0.75,0.0020642201834862386,0.9387469291687012,1.0
259ccd9bfc74:0,50,inverse,0.45454545454545453,0.49155364688194786,0.1506941081852353,0.375,0.49977064220183487,0.32178831100463867,0.125
259ccd9bfc74:0,50,band_nofit,0.45454545454545453,0.599185233493104,0.1506941081852353,0.125,0.5017775229357798,0.254801481962204,0.125
259ccd9bfc74:0,50,golddigger,1.0,0.6363630409470457,0.5346403768946489,0.0,0.5004587155963303,0.25718143582344055,0.0
259ccd9bfc74:0,70,random,0.0,0.5678417990286533,0.2512647742864232,0.25,0.5882454128440368,0.38589105010032654,0.125
259ccd9bfc74:0,70,metadata,0.0,0.8445491469040468,0.8444670481462652,0.0,0.6608944954128441,0.7120836973190308,0.0
259ccd9bfc74:0,70,nearest,0.0,0.25233817617793197,0.12190144107784863,0.75,0.0020642201834862386,0.9387469291687012,1.0
259ccd9bfc74:0,70,inverse,0.3333333333333333,0.6067937736325124,0.30636778479521376,0.125,0.6997706422018348,0.4099218547344208,0.0
259ccd9bfc74:0,70,band_nofit,0.7777777777777778,0.5626202733775535,0.19286925621192547,0.125,0.6994839449541285,0.26737329363822937,0.0
259ccd9bfc74:0,70,golddigger,1.0,0.6275841477890056,0.45108826794377105,0.0,0.699598623853211,0.26169461011886597,0.0
259ccd9bfc74:0,90,random,0.0,0.5678417990286533,0.2512647742864232,0.25,0.5882454128440368,0.38589105010032654,0.125
259ccd9bfc74:0,90,metadata,0.0,0.8445491469040468,0.8444670481462652,0.0,0.6608944954128441,0.7120836973190308,0.0
259ccd9bfc74:0,90,nearest,0.0,0.25233817617793197,0.12190144107784863,0.75,0.0020642201834862386,0.9387469291687012,1.0
259ccd9bfc74:0,90,inverse,0.3333333333333333,0.5653038303140865,0.18417508212830294,0.125,0.899770642201835,0.3821915090084076,0.0
259ccd9bfc74:0,90,band_nofit,0.6,0.580464011009671,0.3116139422535382,0.25,0.9006307339449542,0.2384287416934967,0.125
259ccd9bfc74:0,90,golddigger,1.0,0.6761323385687261,0.5341925135831161,0.0,0.8999426605504588,0.29140302538871765,0.0
9e9e3994e50a:0,10,random,0.0,0.49206685471308503,0.21889357309730273,0.5,0.49151376146788994,0.33142808079719543,nan
9e9e3994e50a:0,10,metadata,0.0,0.7188462977358716,0.7124176700385445,0.0,0.3516628440366973,0.43554070591926575,nan
9e9e3994e50a:0,10,nearest,0.0,0.617563654600205,0.5600734400551514,0.0,0.0020642201834862386,0.8936552405357361,nan
9e9e3994e50a:0,10,inverse,0.23076923076923078,0.4025857520327882,0.16298065925458222,0.5,0.09977064220183487,0.5359956622123718,nan
9e9e3994e50a:0,10,band_nofit,0.14285714285714285,0.37676096676897175,0.07155117319510759,0.625,0.10057339449541286,0.35404208302497864,nan
9e9e3994e50a:0,10,golddigger,1.0,0.588604204581972,0.5434748502560275,0.0,0.09604357798165138,0.394406795501709,nan
9e9e3994e50a:0,30,random,0.0,0.49206685471308503,0.21889357309730273,0.5,0.49151376146788994,0.33142808079719543,nan
9e9e3994e50a:0,30,metadata,0.0,0.7188462977358716,0.7124176700385445,0.0,0.3516628440366973,0.43554070591926575,nan
9e9e3994e50a:0,30,nearest,0.0,0.617563654600205,0.5600734400551514,0.0,0.0020642201834862386,0.8936552405357361,nan
9e9e3994e50a:0,30,inverse,0.23076923076923078,0.4512152396980322,0.19649562447935523,0.375,0.2997706422018349,0.4107818007469177,nan
9e9e3994e50a:0,30,band_nofit,0.23076923076923078,0.5389087457825028,0.19649562447935523,0.125,0.3006307339449541,0.247777059674263,nan
9e9e3994e50a:0,30,golddigger,1.0,0.5716014108334645,0.4508631136144371,0.0,0.2985665137614679,0.26095589995384216,nan
9e9e3994e50a:0,50,random,0.0,0.49206685471308503,0.21889357309730273,0.5,0.49151376146788994,0.33142808079719543,nan
9e9e3994e50a:0,50,metadata,0.0,0.7188462977358716,0.7124176700385445,0.0,0.3516628440366973,0.43554070591926575,nan
9e9e3994e50a:0,50,nearest,0.0,0.617563654600205,0.5600734400551514,0.0,0.0020642201834862386,0.8936552405357361,nan
9e9e3994e50a:0,50,inverse,0.23076923076923078,0.5101321338727032,0.19648573393730037,0.375,0.49977064220183487,0.2673828899860382,nan
9e9e3994e50a:0,50,band_nofit,0.23076923076923078,0.45340684422648597,0.14618356792756856,0.375,0.5014334862385321,0.21368873119354248,nan
9e9e3994e50a:0,50,golddigger,1.0,0.597636927412464,0.454556566904152,0.0,0.5013188073394496,0.2693135142326355,nan
9e9e3994e50a:0,70,random,0.0,0.49206685471308503,0.21889357309730273,0.5,0.49151376146788994,0.33142808079719543,nan
9e9e3994e50a:0,70,metadata,0.0,0.7188462977358716,0.7124176700385445,0.0,0.3516628440366973,0.43554070591926575,nan
9e9e3994e50a:0,70,nearest,0.0,0.617563654600205,0.5600734400551514,0.0,0.0020642201834862386,0.8936552405357361,nan
9e9e3994e50a:0,70,inverse,0.3333333333333333,0.5383155267081294,0.43797135617619126,0.125,0.6997706422018348,0.44701847434043884,nan
9e9e3994e50a:0,70,band_nofit,0.3333333333333333,0.49639149640372904,0.22606937702049096,0.25,0.7044724770642202,0.22926785051822662,nan
9e9e3994e50a:0,70,golddigger,1.0,0.5697151633965273,0.4509124280267058,0.0,0.7015481651376148,0.2479863315820694,nan
9e9e3994e50a:0,90,random,0.0,0.49206685471308503,0.21889357309730273,0.5,0.49151376146788994,0.33142808079719543,nan
9e9e3994e50a:0,90,metadata,0.0,0.7188462977358716,0.7124176700385445,0.0,0.3516628440366973,0.43554070591926575,nan
9e9e3994e50a:0,90,nearest,0.0,0.617563654600205,0.5600734400551514,0.0,0.0020642201834862386,0.8936552405357361,nan
9e9e3994e50a:0,90,inverse,0.06666666666666667,0.49936561209841973,0.4376959529411357,0.625,0.899770642201835,0.548343300819397,nan
9e9e3994e50a:0,90,band_nofit,0.23076923076923078,0.47229463082259365,0.22127089174557962,0.5,0.9017201834862385,0.21405695378780365,nan
9e9e3994e50a:0,90,golddigger,1.0,0.595825251273496,0.5760109471550886,0.0,0.902809633027523,0.25120294094085693,nan
aeeedb1c60b9:0,10,random,0.0,0.3632640531175728,0.07300610642968353,0.5,0.6284977064220184,0.30935385823249817,nan
aeeedb1c60b9:0,10,metadata,0.0,0.7220861399225549,0.7137328584932365,0.0,0.2041284403669725,0.4926266074180603,nan
aeeedb1c60b9:0,10,nearest,0.0,0.3763110827624895,0.08425642512995056,0.625,0.0020642201834862386,0.6956444382667542,nan
aeeedb1c60b9:0,10,inverse,0.14285714285714285,0.4357913161242193,0.07224907247928629,0.625,0.09977064220183486,0.6561126112937927,nan
aeeedb1c60b9:0,10,band_nofit,0.3333333333333333,0.4181567133402602,0.07224907247928629,0.5,0.0993119266055046,0.4421701729297638,nan
aeeedb1c60b9:0,10,golddigger,1.0,0.5917283402404093,0.526010368340824,0.0,0.10229357798165138,0.4997788965702057,nan
aeeedb1c60b9:0,30,random,0.0,0.3632640531175728,0.07300610642968353,0.5,0.6284977064220184,0.30935385823249817,nan
aeeedb1c60b9:0,30,metadata,0.0,0.7220861399225549,0.7137328584932365,0.0,0.2041284403669725,0.4926266074180603,nan
aeeedb1c60b9:0,30,nearest,0.0,0.3763110827624895,0.08425642512995056,0.625,0.0020642201834862386,0.6956444382667542,nan
aeeedb1c60b9:0,30,inverse,0.14285714285714285,0.26944851659397207,0.0709660260671362,0.75,0.3002293577981652,0.4046403467655182,nan
aeeedb1c60b9:0,30,band_nofit,0.23076923076923078,0.35935397911257067,0.08318323907008056,0.625,0.29845183486238536,0.3332807421684265,nan
aeeedb1c60b9:0,30,golddigger,1.0,0.5570885801741139,0.49301500034299783,0.0,0.2974770642201835,0.3788459002971649,nan
aeeedb1c60b9:0,50,random,0.0,0.3632640531175728,0.07300610642968353,0.5,0.6284977064220184,0.30935385823249817,nan
aeeedb1c60b9:0,50,metadata,0.0,0.7220861399225549,0.7137328584932365,0.0,0.2041284403669725,0.4926266074180603,nan
aeeedb1c60b9:0,50,nearest,0.0,0.3763110827624895,0.08425642512995056,0.625,0.0020642201834862386,0.6956444382667542,nan
aeeedb1c60b9:0,50,inverse,0.14285714285714285,0.4405663885160823,0.0708937477815375,0.375,0.49977064220183487,0.3876292109489441,nan
aeeedb1c60b9:0,50,band_nofit,0.23076923076923078,0.4422497454662824,0.12506841417266526,0.5,0.49678899082568806,0.24420729279518127,nan
aeeedb1c60b9:0,50,golddigger,1.0,0.5803877757464663,0.5162810367781171,0.0,0.4983944954128441,0.30222171545028687,nan
aeeedb1c60b9:0,70,random,0.0,0.3632640531175728,0.07300610642968353,0.5,0.6284977064220184,0.30935385823249817,nan
aeeedb1c60b9:0,70,metadata,0.0,0.7220861399225549,0.7137328584932365,0.0,0.2041284403669725,0.4926266074180603,nan
aeeedb1c60b9:0,70,nearest,0.0,0.3763110827624895,0.08425642512995056,0.625,0.0020642201834862386,0.6956444382667542,nan
aeeedb1c60b9:0,70,inverse,0.14285714285714285,0.42808417470933613,0.0699563133702296,0.375,0.6997706422018348,0.4288513660430908,nan
aeeedb1c60b9:0,70,band_nofit,0.3333333333333333,0.45152533923036925,0.20264498768322717,0.375,0.6997706422018348,0.25224652886390686,nan
aeeedb1c60b9:0,70,golddigger,1.0,0.5846188191051827,0.5324888364233847,0.0,0.6962729357798165,0.29446813464164734,nan
aeeedb1c60b9:0,90,random,0.0,0.3632640531175728,0.07300610642968353,0.5,0.6284977064220184,0.30935385823249817,nan
aeeedb1c60b9:0,90,metadata,0.0,0.7220861399225549,0.7137328584932365,0.0,0.2041284403669725,0.4926266074180603,nan
aeeedb1c60b9:0,90,nearest,0.0,0.3763110827624895,0.08425642512995056,0.625,0.0020642201834862386,0.6956444382667542,nan
aeeedb1c60b9:0,90,inverse,0.3333333333333333,0.549752154552756,0.24881583379295089,0.125,0.899770642201835,0.38030552864074707,nan
aeeedb1c60b9:0,90,band_nofit,0.45454545454545453,0.5008426251354113,0.2124988130521794,0.25,0.9004013761467891,0.22623594105243683,nan
aeeedb1c60b9:0,90,golddigger,1.0,0.5932370585049649,0.5684497195952519,0.0,0.899598623853211,0.23239277303218842,nan
e5eabea74927:0,10,random,0.06666666666666667,0.32599777092098103,0.05305095105383146,0.625,0.5196674311926606,0.26072338223457336,0.375
e5eabea74927:0,10,metadata,0.0,0.7718137037245019,0.7332468597942505,0.0,0.7180045871559633,0.5208100080490112,0.0
e5eabea74927:0,10,nearest,0.0,0.1176689852091686,0.053242673212046385,0.875,0.0020642201834862386,0.7956286668777466,1.0
e5eabea74927:0,10,inverse,0.0,0.06321380388662429,0.05126532862483169,1.0,0.10022935779816515,0.46560463309288025,0.625
e5eabea74927:0,10,band_nofit,0.06666666666666667,0.14065233212763256,0.05126532862483169,0.875,0.09856651376146788,0.4423934817314148,0.5
e5eabea74927:0,10,golddigger,1.0,0.6352672014496731,0.4552606854496028,0.0,0.1051605504587156,0.498282253742218,0.125
e5eabea74927:0,30,random,0.0,0.32599777092098103,0.05305095105383146,0.625,0.5196674311926606,0.26072338223457336,0.375
e5eabea74927:0,30,metadata,0.0,0.7718137037245019,0.7332468597942505,0.0,0.7180045871559633,0.5208100080490112,0.0
e5eabea74927:0,30,nearest,0.0,0.1176689852091686,0.053242673212046385,0.875,0.0020642201834862386,0.7956286668777466,1.0
e5eabea74927:0,30,inverse,0.06666666666666667,0.13453219642880623,0.050713901566051836,0.875,0.3002293577981652,0.4349689185619354,0.125
e5eabea74927:0,30,band_nofit,0.06666666666666667,0.13504498734814202,0.050713901566051836,0.875,0.29845183486238536,0.3205706775188446,0.25
e5eabea74927:0,30,golddigger,1.0,0.6481196115408794,0.5852405381859351,0.0,0.2971330275229358,0.41815781593322754,0.0
e5eabea74927:0,50,random,0.0,0.32599777092098103,0.05305095105383146,0.625,0.5196674311926606,0.26072338223457336,0.375
e5eabea74927:0,50,metadata,0.0,0.7718137037245019,0.7332468597942505,0.0,0.7180045871559633,0.5208100080490112,0.0
e5eabea74927:0,50,nearest,0.0,0.1176689852091686,0.053242673212046385,0.875,0.0020642201834862386,0.7956286668777466,1.0
e5eabea74927:0,50,inverse,0.14285714285714285,0.25935301103583236,0.052427458476139756,0.75,0.49977064220183487,0.2945360839366913,0.5
e5eabea74927:0,50,band_nofit,0.3333333333333333,0.4251195925732034,0.052427458476139756,0.5,0.5000573394495413,0.24080286920070648,0.25
e5eabea74927:0,50,golddigger,1.0,0.6854953470679128,0.6015366520067364,0.0,0.4987385321100918,0.27107617259025574,0.0
e5eabea74927:0,70,random,0.0,0.32599777092098103,0.05305095105383146,0.625,0.5196674311926606,0.26072338223457336,0.375
e5eabea74927:0,70,metadata,0.0,0.7718137037245019,0.7332468597942505,0.0,0.7180045871559633,0.5208100080490112,0.0
e5eabea74927:0,70,nearest,0.0,0.1176689852091686,0.053242673212046385,0.875,0.0020642201834862386,0.7956286668777466,1.0
e5eabea74927:0,70,inverse,0.23076923076923078,0.44037079713098864,0.08441098961470449,0.5,0.6997706422018348,0.3902432918548584,0.0
e5eabea74927:0,70,band_nofit,0.45454545454545453,0.47172605471403906,0.08352512504319867,0.375,0.6986811926605505,0.2523018419742584,0.0
e5eabea74927:0,70,golddigger,1.0,0.6750898748036229,0.45549329990844123,0.0,0.697362385321101,0.23566792905330658,0.125
e5eabea74927:0,90,random,0.0,0.32599777092098103,0.05305095105383146,0.625,0.5196674311926606,0.26072338223457336,0.375
e5eabea74927:0,90,metadata,0.0,0.7718137037245019,0.7332468597942505,0.0,0.7180045871559633,0.5208100080490112,0.0
e5eabea74927:0,90,nearest,0.0,0.1176689852091686,0.053242673212046385,0.875,0.0020642201834862386,0.7956286668777466,1.0
e5eabea74927:0,90,inverse,0.3333333333333333,0.5553332794819235,0.08445192939058599,0.25,0.899770642201835,0.47544974088668823,0.0
e5eabea74927:0,90,band_nofit,0.3333333333333333,0.37516440452919486,0.053079824267761345,0.5,0.9025229357798166,0.2507180869579315,0.125
e5eabea74927:0,90,golddigger,1.0,0.6852082392920285,0.5630549948433403,0.0,0.8994266055045872,0.2666551172733307,0.0
157f7c4690d8:0,10,random,0.0,0.5836273496955163,0.5068195333413639,0.0,0.5614678899082569,0.3311086595058441,nan
157f7c4690d8:0,10,metadata,0.0,0.6614824907891637,0.6484583339810267,0.0,0.015768348623853214,0.7208786606788635,nan
157f7c4690d8:0,10,nearest,0.0,0.5079671661356624,0.4434458293355096,0.25,0.0020642201834862386,0.9590992331504822,nan
157f7c4690d8:0,10,inverse,0.45454545454545453,0.5920734386512956,0.558725309526468,0.0,0.09977064220183487,0.5215815305709839,nan
157f7c4690d8:0,10,band_nofit,1.0,0.5767783138593606,0.4881745696118861,0.0,0.10086009174311927,0.39705127477645874,nan
157f7c4690d8:0,10,golddigger,1.0,0.5767783138593606,0.4881745696118861,0.0,0.10086009174311927,0.39705127477645874,nan
157f7c4690d8:0,30,random,0.0,0.5836273496955163,0.5068195333413639,0.0,0.5614678899082569,0.3311086595058441,nan
157f7c4690d8:0,30,metadata,0.0,0.6614824907891637,0.6484583339810267,0.0,0.015768348623853214,0.7208786606788635,nan
157f7c4690d8:0,30,nearest,0.0,0.5079671661356624,0.4434458293355096,0.25,0.0020642201834862386,0.9590992331504822,nan
157f7c4690d8:0,30,inverse,0.45454545454545453,0.6002903382510384,0.5861782245065668,0.0,0.2997706422018349,0.3558270037174225,nan
157f7c4690d8:0,30,band_nofit,1.0,0.6008084266937819,0.5904515587513608,0.0,0.29879587155963305,0.2901146709918976,nan
157f7c4690d8:0,30,golddigger,1.0,0.6008084266937819,0.5904515587513608,0.0,0.29879587155963305,0.2901146709918976,nan
157f7c4690d8:0,50,random,0.0,0.5836273496955163,0.5068195333413639,0.0,0.5614678899082569,0.3311086595058441,nan
157f7c4690d8:0,50,metadata,0.0,0.6614824907891637,0.6484583339810267,0.0,0.015768348623853214,0.7208786606788635,nan
157f7c4690d8:0,50,nearest,0.0,0.5079671661356624,0.4434458293355096,0.25,0.0020642201834862386,0.9590992331504822,nan
157f7c4690d8:0,50,inverse,0.14285714285714285,0.5987143442403482,0.59154826075047,0.0,0.49977064220183487,0.351744681596756,nan
157f7c4690d8:0,50,band_nofit,1.0,0.5953702118452064,0.5895937006323742,0.0,0.49954128440366974,0.22267921268939972,nan
157f7c4690d8:0,50,golddigger,1.0,0.5953702118452064,0.5895937006323742,0.0,0.49954128440366974,0.22267921268939972,nan
157f7c4690d8:0,70,random,0.0,0.5836273496955163,0.5068195333413639,0.0,0.5614678899082569,0.3311086595058441,nan
157f7c4690d8:0,70,metadata,0.0,0.6614824907891637,0.6484583339810267,0.0,0.015768348623853214,0.7208786606788635,nan
157f7c4690d8:0,70,nearest,0.0,0.5079671661356624,0.4434458293355096,0.25,0.0020642201834862386,0.9590992331504822,nan
157f7c4690d8:0,70,inverse,0.45454545454545453,0.5872634646162922,0.5551435582961972,0.0,0.6997706422018348,0.4677751362323761,nan
157f7c4690d8:0,70,band_nofit,1.0,0.5941358906726454,0.5551435582961972,0.0,0.6997706422018348,0.3646118640899658,nan
157f7c4690d8:0,70,golddigger,1.0,0.5941358906726454,0.5551435582961972,0.0,0.6997706422018348,0.3646118640899658,nan
157f7c4690d8:0,90,random,0.0,0.5836273496955163,0.5068195333413639,0.0,0.5614678899082569,0.3311086595058441,nan
157f7c4690d8:0,90,metadata,0.0,0.6614824907891637,0.6484583339810267,0.0,0.015768348623853214,0.7208786606788635,nan
157f7c4690d8:0,90,nearest,0.0,0.5079671661356624,0.4434458293355096,0.25,0.0020642201834862386,0.9590992331504822,nan
157f7c4690d8:0,90,inverse,0.14285714285714285,0.5985981294204858,0.594730496814806,0.0,0.899770642201835,0.6013914942741394,nan
157f7c4690d8:0,90,band_nofit,1.0,0.5983002086475043,0.5815260383211137,0.0,0.8971330275229359,0.31108564138412476,nan
157f7c4690d8:0,90,golddigger,1.0,0.5983002086475043,0.5815260383211137,0.0,0.8971330275229359,0.31108564138412476,nan
f4d50bbd3613:0,10,random,0.0,0.6802336875364563,0.5848814286651004,0.0,0.5322247706422019,0.3269726634025574,0.0
f4d50bbd3613:0,10,metadata,0.0,0.7357052331895546,0.7322549059842861,0.0,0.1802752293577982,0.5163668990135193,0.0
f4d50bbd3613:0,10,nearest,0.0,0.43191272311393153,0.40574607734069545,0.75,0.0020642201834862386,0.9471396207809448,1.0
f4d50bbd3613:0,10,inverse,0.45454545454545453,0.5891547962195013,0.4493661484456219,0.125,0.10022935779816514,0.4630891978740692,0.25
f4d50bbd3613:0,10,band_nofit,0.3333333333333333,0.5673575703228939,0.44906825106088133,0.25,0.10045871559633028,0.39210471510887146,0.375
f4d50bbd3613:0,10,golddigger,1.0,0.633727619625045,0.45234420011901827,0.0,0.09954128440366973,0.39577218890190125,0.125
f4d50bbd3613:0,30,random,0.0,0.6802336875364563,0.5848814286651004,0.0,0.5322247706422019,0.3269726634025574,0.0
f4d50bbd3613:0,30,metadata,0.0,0.7357052331895546,0.7322549059842861,0.0,0.1802752293577982,0.5163668990135193,0.0
f4d50bbd3613:0,30,nearest,0.0,0.43191272311393153,0.40574607734069545,0.75,0.0020642201834862386,0.9471396207809448,1.0
f4d50bbd3613:0,30,inverse,0.23076923076923078,0.6362847787333319,0.44876451635808273,0.25,0.2997706422018349,0.40743324160575867,0.25
f4d50bbd3613:0,30,band_nofit,0.7777777777777778,0.6584849081798938,0.4487647261650682,0.125,0.299598623853211,0.27103689312934875,0.125
f4d50bbd3613:0,30,golddigger,1.0,0.6775638799324423,0.6007548086379849,0.0,0.3000573394495413,0.2997117340564728,0.0
f4d50bbd3613:0,50,random,0.0,0.6802336875364563,0.5848814286651004,0.0,0.5322247706422019,0.3269726634025574,0.0
f4d50bbd3613:0,50,metadata,0.0,0.7357052331895546,0.7322549059842861,0.0,0.1802752293577982,0.5163668990135193,0.0
f4d50bbd3613:0,50,nearest,0.0,0.43191272311393153,0.40574607734069545,0.75,0.0020642201834862386,0.9471396207809448,1.0
f4d50bbd3613:0,50,inverse,0.3333333333333333,0.669724696428168,0.5850437465114439,0.0,0.49977064220183487,0.28339505195617676,0.0
f4d50bbd3613:0,50,band_nofit,1.0,0.6829854091320253,0.5850437465114439,0.0,0.5001146788990826,0.20460562407970428,0.0
f4d50bbd3613:0,50,golddigger,1.0,0.6829854091320253,0.5850437465114439,0.0,0.5001146788990826,0.20460562407970428,0.0
f4d50bbd3613:0,70,random,0.0,0.6802336875364563,0.5848814286651004,0.0,0.5322247706422019,0.3269726634025574,0.0
f4d50bbd3613:0,70,metadata,0.0,0.7357052331895546,0.7322549059842861,0.0,0.1802752293577982,0.5163668990135193,0.0
f4d50bbd3613:0,70,nearest,0.0,0.43191272311393153,0.40574607734069545,0.75,0.0020642201834862386,0.9471396207809448,1.0
f4d50bbd3613:0,70,inverse,0.45454545454545453,0.698477880318354,0.6007645002618296,0.0,0.6997706422018348,0.3579443395137787,0.0
f4d50bbd3613:0,70,band_nofit,1.0,0.7131427175742633,0.7109410604001822,0.0,0.7010894495412844,0.28909459710121155,0.0
f4d50bbd3613:0,70,golddigger,1.0,0.7131427175742633,0.7109410604001822,0.0,0.7010894495412844,0.28909459710121155,0.0
f4d50bbd3613:0,90,random,0.0,0.6802336875364563,0.5848814286651004,0.0,0.5322247706422019,0.3269726634025574,0.0
f4d50bbd3613:0,90,metadata,0.0,0.7357052331895546,0.7322549059842861,0.0,0.1802752293577982,0.5163668990135193,0.0
f4d50bbd3613:0,90,nearest,0.0,0.43191272311393153,0.40574607734069545,0.75,0.0020642201834862386,0.9471396207809448,1.0
f4d50bbd3613:0,90,inverse,0.23076923076923078,0.7123543067604563,0.7122514402058703,0.0,0.899770642201835,0.47488316893577576,0.0
f4d50bbd3613:0,90,band_nofit,1.0,0.6959767558079908,0.5899404885546569,0.0,0.9005160550458716,0.28176379203796387,0.0
f4d50bbd3613:0,90,golddigger,1.0,0.6959767558079908,0.5899404885546569,0.0,0.9005160550458716,0.28176379203796387,0.0
42c416ec01c1:0,10,random,0.0,0.574813856828144,0.46107048176446674,0.0,0.5855504587155964,0.3791986107826233,0.0
42c416ec01c1:0,10,metadata,0.0,0.8442894812869937,0.8438541638144896,0.0,0.5573967889908258,0.42339304089546204,0.0
42c416ec01c1:0,10,nearest,0.0,0.29470733601000576,0.029548358183661756,0.875,0.0020642201834862386,0.8847132921218872,1.0
42c416ec01c1:0,10,inverse,0.45454545454545453,0.4224852616179756,0.08661534240044905,0.25,0.09977064220183487,0.51258385181427,0.0
42c416ec01c1:0,10,band_nofit,0.45454545454545453,0.37784225286563866,0.03659207220539887,0.375,0.10074541284403671,0.34924498200416565,0.375
42c416ec01c1:0,10,golddigger,1.0,0.5286303483202759,0.4535186421488702,0.0,0.0993119266055046,0.43025046586990356,0.125
42c416ec01c1:0,30,random,0.0,0.574813856828144,0.46107048176446674,0.0,0.5855504587155964,0.3791986107826233,0.0
42c416ec01c1:0,30,metadata,0.0,0.8442894812869937,0.8438541638144896,0.0,0.5573967889908258,0.42339304089546204,0.0
42c416ec01c1:0,30,nearest,0.0,0.29470733601000576,0.029548358183661756,0.875,0.0020642201834862386,0.8847132921218872,1.0
42c416ec01c1:0,30,inverse,0.3333333333333333,0.42971575429676023,0.21628125270911694,0.5,0.3002293577981652,0.3358300030231476,0.0
42c416ec01c1:0,30,band_nofit,0.6,0.5342164897909207,0.22183574949176632,0.25,0.30017201834862384,0.27566689252853394,0.0
42c416ec01c1:0,30,golddigger,1.0,0.5864494891021419,0.46226730181883813,0.0,0.2999426605504587,0.262626051902771,0.0
42c416ec01c1:0,50,random,0.0,0.574813856828144,0.46107048176446674,0.0,0.5855504587155964,0.3791986107826233,0.0
42c416ec01c1:0,50,metadata,0.0,0.8442894812869937,0.8438541638144896,0.0,0.5573967889908258,0.42339304089546204,0.0
42c416ec01c1:0,50,nearest,0.0,0.29470733601000576,0.029548358183661756,0.875,0.0020642201834862386,0.8847132921218872,1.0
42c416ec01c1:0,50,inverse,0.23076923076923078,0.516521776025803,0.08559329982443438,0.125,0.49977064220183487,0.4187070429325104,0.0
42c416ec01c1:0,50,band_nofit,1.0,0.6345655152823643,0.5168753871091512,0.0,0.5012614678899083,0.2302369773387909,0.0
42c416ec01c1:0,50,golddigger,1.0,0.6345655152823643,0.5168753871091512,0.0,0.5012614678899083,0.2302369773387909,0.0
42c416ec01c1:0,70,random,0.0,0.574813856828144,0.46107048176446674,0.0,0.5855504587155964,0.3791986107826233,0.0
42c416ec01c1:0,70,metadata,0.0,0.8442894812869937,0.8438541638144896,0.0,0.5573967889908258,0.42339304089546204,0.0
42c416ec01c1:0,70,nearest,0.0,0.29470733601000576,0.029548358183661756,0.875,0.0020642201834862386,0.8847132921218872,1.0
42c416ec01c1:0,70,inverse,0.3333333333333333,0.4709143375962296,0.14152461598052418,0.25,0.6997706422018348,0.38803529739379883,0.0
42c416ec01c1:0,70,band_nofit,1.0,0.6278333894744061,0.5072914407742275,0.0,0.6984518348623854,0.24499191343784332,0.0
42c416ec01c1:0,70,golddigger,1.0,0.6278333894744061,0.5072914407742275,0.0,0.6984518348623854,0.24499191343784332,0.0
42c416ec01c1:0,90,random,0.0,0.574813856828144,0.46107048176446674,0.0,0.5855504587155964,0.3791986107826233,0.0
42c416ec01c1:0,90,metadata,0.0,0.8442894812869937,0.8438541638144896,0.0,0.5573967889908258,0.42339304089546204,0.0
42c416ec01c1:0,90,nearest,0.0,0.29470733601000576,0.029548358183661756,0.875,0.0020642201834862386,0.8847132921218872,1.0
42c416ec01c1:0,90,inverse,0.14285714285714285,0.6081611082768754,0.5427009673305777,0.0,0.899770642201835,0.6513797044754028,0.0
42c416ec01c1:0,90,band_nofit,1.0,0.6536271509158513,0.5478290307585941,0.0,0.8989678899082569,0.3135524392127991,0.0
42c416ec01c1:0,90,golddigger,1.0,0.6536271509158513,0.5478290307585941,0.0,0.8989678899082569,0.3135524392127991,0.0
d7eec142c02f:0,10,random,0.0,0.39068729650236533,0.19384779697642096,0.75,0.33302752293577986,0.39465686678886414,0.5
d7eec142c02f:0,10,metadata,0.0,0.8440128470950685,0.8426674581690071,0.0,0.5990825688073396,0.5372461676597595,0.0
d7eec142c02f:0,10,nearest,0.0,0.337665982860326,0.22528994663529234,0.875,0.0020642201834862386,0.9643875956535339,1.0
d7eec142c02f:0,10,inverse,0.06666666666666667,0.2893791293450661,0.07054986774443697,0.875,0.10022935779816514,0.5598717331886292,0.625
d7eec142c02f:0,10,band_nofit,0.14285714285714285,0.28707432091657203,0.07054986774443697,0.75,0.10011467889908257,0.5599755048751831,0.625
d7eec142c02f:0,10,golddigger,1.0,0.5131718157945244,0.45052116699767725,0.0,0.09334862385321102,0.5792005658149719,0.5
d7eec142c02f:0,30,random,0.0,0.39068729650236533,0.19384779697642096,0.75,0.33302752293577986,0.39465686678886414,0.5
d7eec142c02f:0,30,metadata,0.0,0.8440128470950685,0.8426674581690071,0.0,0.5990825688073396,0.5372461676597595,0.0
d7eec142c02f:0,30,nearest,0.0,0.337665982860326,0.22528994663529234,0.875,0.0020642201834862386,0.9643875956535339,1.0
d7eec142c02f:0,30,inverse,0.23076923076923078,0.4547793020011993,0.184803173266635,0.5,0.3002293577981652,0.3919397294521332,0.125
d7eec142c02f:0,30,band_nofit,0.45454545454545453,0.4837748258461145,0.24623443400146475,0.375,0.3015481651376147,0.34038111567497253,0.125
d7eec142c02f:0,30,golddigger,1.0,0.6345586410992679,0.45058894105091124,0.0,0.30252293577981654,0.35748884081840515,0.125
d7eec142c02f:0,50,random,0.0,0.39068729650236533,0.19384779697642096,0.75,0.33302752293577986,0.39465686678886414,0.5
d7eec142c02f:0,50,metadata,0.0,0.8440128470950685,0.8426674581690071,0.0,0.5990825688073396,0.5372461676597595,0.0
d7eec142c02f:0,50,nearest,0.0,0.337665982860326,0.22528994663529234,0.875,0.0020642201834862386,0.9643875956535339,1.0
d7eec142c02f:0,50,inverse,0.3333333333333333,0.4855890426548718,0.08433120296141368,0.375,0.49977064220183487,0.3013666570186615,0.0
d7eec142c02f:0,50,band_nofit,0.7777777777777778,0.6265270300515996,0.24565082787621886,0.125,0.4997133027522936,0.2585514485836029,0.0
d7eec142c02f:0,50,golddigger,1.0,0.6685247983235224,0.5756647279225292,0.0,0.5,0.2590253949165344,0.0
d7eec142c02f:0,70,random,0.0,0.39068729650236533,0.19384779697642096,0.75,0.33302752293577986,0.39465686678886414,0.5
d7eec142c02f:0,70,metadata,0.0,0.8440128470950685,0.8426674581690071,0.0,0.5990825688073396,0.5372461676597595,0.0
d7eec142c02f:0,70,nearest,0.0,0.337665982860326,0.22528994663529234,0.875,0.0020642201834862386,0.9643875956535339,1.0
d7eec142c02f:0,70,inverse,0.14285714285714285,0.44121516567008495,0.15729217569461623,0.5,0.6997706422018348,0.31591013073921204,0.125
d7eec142c02f:0,70,band_nofit,0.3333333333333333,0.4101141545300745,0.05238408714618873,0.5,0.6969036697247707,0.2275594174861908,0.25
d7eec142c02f:0,70,golddigger,1.0,0.6652448620548042,0.4695154653015462,0.0,0.6978784403669724,0.26708486676216125,0.125
d7eec142c02f:0,90,random,0.0,0.39068729650236533,0.19384779697642096,0.75,0.33302752293577986,0.39465686678886414,0.5
d7eec142c02f:0,90,metadata,0.0,0.8440128470950685,0.8426674581690071,0.0,0.5990825688073396,0.5372461676597595,0.0
d7eec142c02f:0,90,nearest,0.0,0.337665982860326,0.22528994663529234,0.875,0.0020642201834862386,0.9643875956535339,1.0
d7eec142c02f:0,90,inverse,0.23076923076923078,0.6981169483053598,0.6003771157913433,0.0,0.899770642201835,0.34359022974967957,0.0
d7eec142c02f:0,90,band_nofit,0.7777777777777778,0.6309904765213139,0.29182902963473917,0.125,0.9007454128440368,0.21891821920871735,0.0
d7eec142c02f:0,90,golddigger,1.0,0.6659505518044622,0.5715096318999255,0.0,0.9009747706422019,0.2316383272409439,0.0
eb55054d8aba:0,10,random,0.0,0.598851053468237,0.5901985138409428,0.0,0.42006880733944957,0.33220967650413513,nan
eb55054d8aba:0,10,metadata,0.0,0.6346279099071044,0.6319023483716095,0.0,0.23899082568807342,0.5022434592247009,nan
eb55054d8aba:0,10,nearest,0.0,0.601707609436663,0.571018431231729,0.0,0.0020642201834862386,0.8589015007019043,nan
eb55054d8aba:0,10,inverse,0.23076923076923078,0.5858466978484655,0.5724486200997615,0.0,0.10022935779816514,0.5406006574630737,nan
eb55054d8aba:0,10,band_nofit,1.0,0.589562539729727,0.5514853416308353,0.0,0.09845183486238532,0.4285421669483185,nan
eb55054d8aba:0,10,golddigger,1.0,0.589562539729727,0.5514853416308353,0.0,0.09845183486238532,0.4285421669483185,nan
eb55054d8aba:0,30,random,0.0,0.598851053468237,0.5901985138409428,0.0,0.42006880733944957,0.33220967650413513,nan
eb55054d8aba:0,30,metadata,0.06666666666666667,0.6346279099071044,0.6319023483716095,0.0,0.23899082568807342,0.5022434592247009,nan
eb55054d8aba:0,30,nearest,0.0,0.601707609436663,0.571018431231729,0.0,0.0020642201834862386,0.8589015007019043,nan
eb55054d8aba:0,30,inverse,0.3333333333333333,0.594415095095005,0.5768831832554304,0.0,0.3002293577981652,0.37316399812698364,nan
eb55054d8aba:0,30,band_nofit,1.0,0.6027515564460924,0.593818734330794,0.0,0.30000000000000004,0.28550785779953003,nan
eb55054d8aba:0,30,golddigger,1.0,0.6027515564460924,0.593818734330794,0.0,0.30000000000000004,0.28550785779953003,nan
eb55054d8aba:0,50,random,0.0,0.598851053468237,0.5901985138409428,0.0,0.42006880733944957,0.33220967650413513,nan
eb55054d8aba:0,50,metadata,0.0,0.6346279099071044,0.6319023483716095,0.0,0.23899082568807342,0.5022434592247009,nan
eb55054d8aba:0,50,nearest,0.0,0.601707609436663,0.571018431231729,0.0,0.0020642201834862386,0.8589015007019043,nan
eb55054d8aba:0,50,inverse,0.14285714285714285,0.5973403765587129,0.5880669042820881,0.0,0.49977064220183487,0.29925408959388733,nan
eb55054d8aba:0,50,band_nofit,1.0,0.5909500293805363,0.5683485321402637,0.0,0.4999426605504588,0.22309227287769318,nan
eb55054d8aba:0,50,golddigger,1.0,0.5909500293805363,0.5683485321402637,0.0,0.4999426605504588,0.22309227287769318,nan
eb55054d8aba:0,70,random,0.0,0.598851053468237,0.5901985138409428,0.0,0.42006880733944957,0.33220967650413513,nan
eb55054d8aba:0,70,metadata,0.0,0.6346279099071044,0.6319023483716095,0.0,0.23899082568807342,0.5022434592247009,nan
eb55054d8aba:0,70,nearest,0.0,0.601707609436663,0.571018431231729,0.0,0.0020642201834862386,0.8589015007019043,nan
eb55054d8aba:0,70,inverse,0.3333333333333333,0.6008667290737257,0.6004195725722787,0.0,0.6997706422018348,0.3521445393562317,nan
eb55054d8aba:0,70,band_nofit,1.0,0.6008570740683326,0.6004195725722787,0.0,0.7005733944954129,0.29320263862609863,nan
eb55054d8aba:0,70,golddigger,1.0,0.6008570740683326,0.6004195725722787,0.0,0.7005733944954129,0.29320263862609863,nan
eb55054d8aba:0,90,random,0.0,0.598851053468237,0.5901985138409428,0.0,0.42006880733944957,0.33220967650413513,nan
eb55054d8aba:0,90,metadata,0.0,0.6346279099071044,0.6319023483716095,0.0,0.23899082568807342,0.5022434592247009,nan
eb55054d8aba:0,90,nearest,0.0,0.601707609436663,0.571018431231729,0.0,0.0020642201834862386,0.8589015007019043,nan
eb55054d8aba:0,90,inverse,0.3333333333333333,0.5998923183496918,0.5933369912052109,0.0,0.899770642201835,0.4022480845451355,nan
eb55054d8aba:0,90,band_nofit,1.0,0.6002278535665857,0.5933369912052109,0.0,0.8998853211009175,0.3410279154777527,nan
eb55054d8aba:0,90,golddigger,1.0,0.6002278535665857,0.5933369912052109,0.0,0.8998853211009175,0.3410279154777527,nan
2cd22bd54df1:0,10,random,0.0,0.4236179227509267,0.052672511956813495,0.5,0.4917431192660551,0.34338316321372986,0.5
2cd22bd54df1:0,10,metadata,0.0,0.846909972990672,0.8449556696525643,0.0,0.633658256880734,0.7565119862556458,0.0
2cd22bd54df1:0,10,nearest,0.0,0.3476570394996146,0.25198853133945903,0.875,0.0020642201834862386,0.9169651865959167,1.0
2cd22bd54df1:0,10,inverse,0.14285714285714285,0.31334697361617125,0.1398966422618361,0.75,0.09977064220183487,0.5992240309715271,0.625
2cd22bd54df1:0,10,band_nofit,0.14285714285714285,0.34490364060881074,0.0713223021054663,0.75,0.10189220183486239,0.5191634893417358,0.5
2cd22bd54df1:0,10,golddigger,1.0,0.5544823443777621,0.4583200879200066,0.0,0.10229357798165138,0.5837897658348083,0.125
2cd22bd54df1:0,30,random,0.0,0.4236179227509267,0.052672511956813495,0.5,0.4917431192660551,0.34338316321372986,0.5
2cd22bd54df1:0,30,metadata,0.0,0.846909972990672,0.8449556696525643,0.0,0.633658256880734,0.7565119862556458,0.0
2cd22bd54df1:0,30,nearest,0.0,0.3476570394996146,0.25198853133945903,0.875,0.0020642201834862386,0.9169651865959167,1.0
2cd22bd54df1:0,30,inverse,0.06666666666666667,0.3157123078846442,0.12686275865065932,0.625,0.2997706422018349,0.44900891184806824,0.625
2cd22bd54df1:0,30,band_nofit,0.23076923076923078,0.35293299982735005,0.12686275865065932,0.625,0.29810779816513766,0.2855146825313568,0.375
2cd22bd54df1:0,30,golddigger,1.0,0.6851538676375499,0.5159017029384961,0.0,0.2993692660550459,0.2911739945411682,0.125
2cd22bd54df1:0,50,random,0.0,0.4236179227509267,0.052672511956813495,0.5,0.4917431192660551,0.34338316321372986,0.5
2cd22bd54df1:0,50,metadata,0.0,0.846909972990672,0.8449556696525643,0.0,0.633658256880734,0.7565119862556458,0.0
2cd22bd54df1:0,50,nearest,0.0,0.3476570394996146,0.25198853133945903,0.875,0.0020642201834862386,0.9169651865959167,1.0
2cd22bd54df1:0,50,inverse,0.14285714285714285,0.3637819009547433,0.05144545728622419,0.625,0.49977064220183487,0.28072839975357056,0.25
2cd22bd54df1:0,50,band_nofit,0.3333333333333333,0.37160829831999026,0.05144545728622419,0.5,0.500802752293578,0.22154183685779572,0.25
2cd22bd54df1:0,50,golddigger,1.0,0.6906175494740842,0.5327044042050115,0.0,0.49902522935779814,0.2303304523229599,0.125
2cd22bd54df1:0,70,random,0.0,0.4236179227509267,0.052672511956813495,0.5,0.4917431192660551,0.34338316321372986,0.5
2cd22bd54df1:0,70,metadata,0.0,0.846909972990672,0.8449556696525643,0.0,0.633658256880734,0.7565119862556458,0.0
2cd22bd54df1:0,70,nearest,0.0,0.3476570394996146,0.25198853133945903,0.875,0.0020642201834862386,0.9169651865959167,1.0
2cd22bd54df1:0,70,inverse,0.23076923076923078,0.48499770932488107,0.16935689581194047,0.5,0.6997706422018348,0.4173703193664551,0.0
2cd22bd54df1:0,70,band_nofit,0.45454545454545453,0.5250680811023414,0.16935689581194047,0.375,0.7005733944954129,0.32608431577682495,0.0
2cd22bd54df1:0,70,golddigger,1.0,0.6585909574313241,0.48567809192261496,0.0,0.6998853211009175,0.32201525568962097,0.125
2cd22bd54df1:0,90,random,0.0,0.4236179227509267,0.052672511956813495,0.5,0.4917431192660551,0.34338316321372986,0.5
2cd22bd54df1:0,90,metadata,0.0,0.846909972990672,0.8449556696525643,0.0,0.633658256880734,0.7565119862556458,0.0
2cd22bd54df1:0,90,nearest,0.0,0.3476570394996146,0.25198853133945903,0.875,0.0020642201834862386,0.9169651865959167,1.0
2cd22bd54df1:0,90,inverse,0.23076923076923078,0.46825700235929046,0.08439471675141604,0.5,0.899770642201835,0.3816489279270172,0.0
2cd22bd54df1:0,90,band_nofit,0.45454545454545453,0.5315096808241841,0.08439471675141604,0.375,0.8987958715596331,0.298086941242218,0.0
2cd22bd54df1:0,90,golddigger,1.0,0.672936364864046,0.5327534012459418,0.0,0.8999426605504588,0.2676362693309784,0.125
a61014409477:0,10,random,0.0,0.6018409617246445,0.4407046223636176,0.25,0.38486238532110095,0.3140198588371277,0.25
a61014409477:0,10,metadata,0.0,0.7277594096222344,0.7267152921855248,0.0,0.5738532110091743,0.6162251830101013,0.0
a61014409477:0,10,nearest,0.0,0.4426203776894959,0.4255417145113629,0.875,0.0020642201834862386,0.9467377662658691,1.0
a61014409477:0,10,inverse,0.3333333333333333,0.5390081034548815,0.44891077393119044,0.125,0.09977064220183487,0.46562036871910095,0.5
a61014409477:0,10,band_nofit,0.6,0.6029034421002701,0.44891077393119044,0.125,0.09891055045871561,0.39159098267555237,0.25
a61014409477:0,10,golddigger,1.0,0.6037332564086794,0.45224183856403655,0.0,0.09879587155963303,0.3959256708621979,0.25
a61014409477:0,30,random,0.0,0.6018409617246445,0.4407046223636176,0.25,0.38486238532110095,0.3140198588371277,0.25
a61014409477:0,30,metadata,0.0,0.7277594096222344,0.7267152921855248,0.0,0.5738532110091743,0.6162251830101013,0.0
a61014409477:0,30,nearest,0.0,0.4426203776894959,0.4255417145113629,0.875,0.0020642201834862386,0.9467377662658691,1.0
a61014409477:0,30,inverse,0.45454545454545453,0.6169807750178526,0.45709378527457617,0.0,0.3002293577981652,0.29336854815483093,0.125
a61014409477:0,30,band_nofit,1.0,0.6624564681812352,0.5997479184347151,0.0,0.30005733944954127,0.27639079093933105,0.0
a61014409477:0,30,golddigger,1.0,0.6624564681812352,0.5997479184347151,0.0,0.30005733944954127,0.27639079093933105,0.0
a61014409477:0,50,random,0.0,0.6018409617246445,0.4407046223636176,0.25,0.38486238532110095,0.3140198588371277,0.25
a61014409477:0,50,metadata,0.0,0.7277594096222344,0.7267152921855248,0.0,0.5738532110091743,0.6162251830101013,0.0
a61014409477:0,50,nearest,0.0,0.4426203776894959,0.4255417145113629,0.875,0.0020642201834862386,0.9467377662658691,1.0
a61014409477:0,50,inverse,0.6,0.6271628759450808,0.43260361287172644,0.125,0.49977064220183487,0.27520909905433655,0.25
a61014409477:0,50,band_nofit,0.7777777777777778,0.6268222901736689,0.43895402550381474,0.125,0.4990825688073395,0.265494704246521,0.25
a61014409477:0,50,golddigger,1.0,0.6469210742435576,0.4503555507117674,0.0,0.498795871559633,0.2598640024662018,0.125
a61014409477:0,70,random,0.0,0.6018409617246445,0.4407046223636176,0.25,0.38486238532110095,0.3140198588371277,0.25
a61014409477:0,70,metadata,0.0,0.7277594096222344,0.7267152921855248,0.0,0.5738532110091743,0.6162251830101013,0.0
a61014409477:0,70,nearest,0.0,0.4426203776894959,0.4255417145113629,0.875,0.0020642201834862386,0.9467377662658691,1.0
a61014409477:0,70,inverse,0.23076923076923078,0.6845502508565449,0.6009847104999226,0.0,0.6997706422018348,0.39960402250289917,0.0
a61014409477:0,70,band_nofit,1.0,0.6829536042421261,0.5870610144038584,0.0,0.7002866972477064,0.22665517032146454,0.0
a61014409477:0,70,golddigger,1.0,0.6829536042421261,0.5870610144038584,0.0,0.7002866972477064,0.22665517032146454,0.0
a61014409477:0,90,random,0.0,0.6018409617246445,0.4407046223636176,0.25,0.38486238532110095,0.3140198588371277,0.25
a61014409477:0,90,metadata,0.0,0.7277594096222344,0.7267152921855248,0.0,0.5738532110091743,0.6162251830101013,0.0
a61014409477:0,90,nearest,0.0,0.4426203776894959,0.4255417145113629,0.875,0.0020642201834862386,0.9467377662658691,1.0
a61014409477:0,90,inverse,0.45454545454545453,0.6695895057114746,0.5920698646588186,0.0,0.899770642201835,0.4485335052013397,0.0
a61014409477:0,90,band_nofit,0.7777777777777778,0.6481511359985606,0.44922678447959097,0.125,0.8998279816513761,0.30977240204811096,0.125
a61014409477:0,90,golddigger,1.0,0.6810548639154513,0.5920698646588186,0.0,0.8994266055045872,0.33498048782348633,0.0
1ebd01cd1928:0,10,random,0.0,0.5831123820633126,0.535252402065681,0.0,0.5758600917431193,0.2796880900859833,nan
1ebd01cd1928:0,10,metadata,0.0,0.6426040027555229,0.6338030952656054,0.0,0.10682339449541287,0.5976731181144714,nan
1ebd01cd1928:0,10,nearest,0.0,0.5739591799602033,0.5431089714029854,0.0,0.0020642201834862386,0.8621113896369934,nan
1ebd01cd1928:0,10,inverse,0.3333333333333333,0.5825590892739213,0.5525131421109963,0.0,0.10022935779816514,0.6069003343582153,nan
1ebd01cd1928:0,10,band_nofit,1.0,0.5854430080409356,0.5197757648108869,0.0,0.10080275229357799,0.4223266541957855,nan
1ebd01cd1928:0,10,golddigger,1.0,0.5854430080409356,0.5197757648108869,0.0,0.10080275229357799,0.4223266541957855,nan
1ebd01cd1928:0,30,random,0.0,0.5831123820633126,0.535252402065681,0.0,0.5758600917431193,0.2796880900859833,nan
1ebd01cd1928:0,30,metadata,0.0,0.6426040027555229,0.6338030952656054,0.0,0.10682339449541287,0.5976731181144714,nan
1ebd01cd1928:0,30,nearest,0.0,0.5739591799602033,0.5431089714029854,0.0,0.0020642201834862386,0.8621113896369934,nan
1ebd01cd1928:0,30,inverse,0.3333333333333333,0.5903465344272385,0.5352524681897118,0.0,0.3002293577981652,0.3853589594364166,nan
1ebd01cd1928:0,30,band_nofit,1.0,0.586834419189002,0.5352524681897118,0.0,0.29908256880733947,0.3245822787284851,nan
1ebd01cd1928:0,30,golddigger,1.0,0.586834419189002,0.5352524681897118,0.0,0.29908256880733947,0.3245822787284851,nan
1ebd01cd1928:0,50,random,0.0,0.5831123820633126,0.535252402065681,0.0,0.5758600917431193,0.2796880900859833,nan
1ebd01cd1928:0,50,metadata,0.0,0.6426040027555229,0.6338030952656054,0.0,0.10682339449541287,0.5976731181144714,nan
1ebd01cd1928:0,50,nearest,0.0,0.5739591799602033,0.5431089714029854,0.0,0.0020642201834862386,0.8621113896369934,nan
1ebd01cd1928:0,50,inverse,0.45454545454545453,0.598511775443109,0.5870863108966214,0.0,0.49977064220183487,0.3297941982746124,nan
1ebd01cd1928:0,50,band_nofit,1.0,0.5903071093351122,0.5369880777489485,0.0,0.500401376146789,0.2204895168542862,nan
1ebd01cd1928:0,50,golddigger,1.0,0.5903071093351122,0.5369880777489485,0.0,0.500401376146789,0.2204895168542862,nan
1ebd01cd1928:0,70,random,0.0,0.5831123820633126,0.535252402065681,0.0,0.5758600917431193,0.2796880900859833,nan
1ebd01cd1928:0,70,metadata,0.0,0.6426040027555229,0.6338030952656054,0.0,0.10682339449541287,0.5976731181144714,nan
1ebd01cd1928:0,70,nearest,0.0,0.5739591799602033,0.5431089714029854,0.0,0.0020642201834862386,0.8621113896369934,nan
1ebd01cd1928:0,70,inverse,0.3333333333333333,0.594387691901662,0.5493166452817532,0.0,0.6997706422018348,0.3976620137691498,nan
1ebd01cd1928:0,70,band_nofit,1.0,0.5946064011305445,0.5493166452817532,0.0,0.7006307339449542,0.23572416603565216,nan
1ebd01cd1928:0,70,golddigger,1.0,0.5946064011305445,0.5493166452817532,0.0,0.7006307339449542,0.23572416603565216,nan
1ebd01cd1928:0,90,random,0.0,0.5831123820633126,0.535252402065681,0.0,0.5758600917431193,0.2796880900859833,nan
1ebd01cd1928:0,90,metadata,0.0,0.6426040027555229,0.6338030952656054,0.0,0.10682339449541287,0.5976731181144714,nan
1ebd01cd1928:0,90,nearest,0.0,0.5739591799602033,0.5431089714029854,0.0,0.0020642201834862386,0.8621113896369934,nan
1ebd01cd1928:0,90,inverse,0.3333333333333333,0.5866634395336403,0.5229900800001996,0.0,0.899770642201835,0.24058805406093597,nan
1ebd01cd1928:0,90,band_nofit,1.0,0.5907075984054144,0.5516930001492307,0.0,0.8997133027522937,0.20484934747219086,nan
1ebd01cd1928:0,90,golddigger,1.0,0.5907075984054144,0.5516930001492307,0.0,0.8997133027522937,0.20484934747219086,nan
e46708a2c684:0,10,random,0.0,0.40747349076139605,0.18312509949649372,0.375,0.5655389908256881,0.3266141712665558,nan
e46708a2c684:0,10,metadata,0.0,0.7174196967142329,0.7123335034607139,0.0,0.3141628440366973,0.44761744141578674,nan
e46708a2c684:0,10,nearest,0.0,0.4798752535220243,0.24662769003857388,0.5,0.002121559633027523,0.8596594929695129,nan
e46708a2c684:0,10,inverse,0.14285714285714285,0.28330955494057974,0.06908341946823891,0.75,0.10022935779816514,0.6214367151260376,nan
e46708a2c684:0,10,band_nofit,0.45454545454545453,0.4488215262193307,0.18327332492032147,0.375,0.10252293577981653,0.49203410744667053,nan
e46708a2c684:0,10,golddigger,1.0,0.5603562717917127,0.4540975065771799,0.0,0.10063073394495413,0.4756724536418915,nan
e46708a2c684:0,30,random,0.0,0.40747349076139605,0.18312509949649372,0.375,0.5655389908256881,0.3266141712665558,nan
e46708a2c684:0,30,metadata,0.0,0.7174196967142329,0.7123335034607139,0.0,0.3141628440366973,0.44761744141578674,nan
e46708a2c684:0,30,nearest,0.0,0.4798752535220243,0.24662769003857388,0.5,0.002121559633027523,0.8596594929695129,nan
e46708a2c684:0,30,inverse,0.3333333333333333,0.3712882395081898,0.15825804393467474,0.5,0.2997706422018349,0.32700294256210327,nan
e46708a2c684:0,30,band_nofit,0.6,0.5205634662025844,0.33383358621349307,0.25,0.2979931192660551,0.27145522832870483,nan
e46708a2c684:0,30,golddigger,1.0,0.5844077485530819,0.4654409711461133,0.0,0.29879587155963305,0.2992517352104187,nan
e46708a2c684:0,50,random,0.0,0.40747349076139605,0.18312509949649372,0.375,0.5655389908256881,0.3266141712665558,nan
e46708a2c684:0,50,metadata,0.0,0.7174196967142329,0.7123335034607139,0.0,0.3141628440366973,0.44761744141578674,nan
e46708a2c684:0,50,nearest,0.0,0.4798752535220243,0.24662769003857388,0.5,0.002121559633027523,0.8596594929695129,nan
e46708a2c684:0,50,inverse,0.14285714285714285,0.3610900228009667,0.1542584667324987,0.75,0.49977064220183487,0.30922120809555054,nan
e46708a2c684:0,50,band_nofit,0.23076923076923078,0.3658187886238503,0.1542584667324987,0.625,0.49730504587155966,0.27994588017463684,nan
e46708a2c684:0,50,golddigger,1.0,0.5787616304451726,0.4622686417045995,0.0,0.49793577981651377,0.29898926615715027,nan
e46708a2c684:0,70,random,0.0,0.40747349076139605,0.18312509949649372,0.375,0.5655389908256881,0.3266141712665558,nan
e46708a2c684:0,70,metadata,0.0,0.7174196967142329,0.7123335034607139,0.0,0.3141628440366973,0.44761744141578674,nan
e46708a2c684:0,70,nearest,0.0,0.4798752535220243,0.24662769003857388,0.5,0.002121559633027523,0.8596594929695129,nan
e46708a2c684:0,70,inverse,0.23076923076923078,0.44217662254548196,0.18325529232651966,0.375,0.6997706422018348,0.34671273827552795,nan
e46708a2c684:0,70,band_nofit,0.45454545454545453,0.45322029246925044,0.18281137173147113,0.375,0.6996559633027524,0.23118789494037628,nan
e46708a2c684:0,70,golddigger,1.0,0.5628182871641254,0.46227145791032537,0.0,0.6997706422018349,0.24953268468379974,nan
e46708a2c684:0,90,random,0.0,0.40747349076139605,0.18312509949649372,0.375,0.5655389908256881,0.3266141712665558,nan
e46708a2c684:0,90,metadata,0.0,0.7174196967142329,0.7123335034607139,0.0,0.3141628440366973,0.44761744141578674,nan
e46708a2c684:0,90,nearest,0.0,0.4798752535220243,0.24662769003857388,0.5,0.002121559633027523,0.8596594929695129,nan
e46708a2c684:0,90,inverse,0.3333333333333333,0.47358847891555744,0.18170496233039538,0.25,0.899770642201835,0.35309234261512756,nan
e46708a2c684:0,90,band_nofit,0.6,0.5094639512533339,0.18170496233039538,0.25,0.8979931192660551,0.25311392545700073,nan
e46708a2c684:0,90,golddigger,1.0,0.5636252294920647,0.4615861089512247,0.0,0.8994266055045872,0.3336900770664215,nan
f81fb0204834:0,10,random,0.0,0.6863794004052866,0.5999164015419546,0.0,0.4110665137614679,0.29733768105506897,0.0
f81fb0204834:0,10,metadata,0.0,0.7630308044112097,0.744005985423495,0.0,0.4543004587155963,0.5731462836265564,0.0
f81fb0204834:0,10,nearest,0.0,0.38122644232385694,0.27508225908256134,0.875,0.0020642201834862386,0.9467490911483765,1.0
f81fb0204834:0,10,inverse,0.3333333333333333,0.6628223960694934,0.43568542931486837,0.125,0.10022935779816514,0.4952438473701477,0.125
f81fb0204834:0,10,band_nofit,0.45454545454545453,0.6056953588622883,0.43568542931486837,0.25,0.09850917431192661,0.37458571791648865,0.25
f81fb0204834:0,10,golddigger,1.0,0.681560117463529,0.5458491487271812,0.0,0.09948394495412845,0.3715353310108185,0.0
f81fb0204834:0,30,random,0.0,0.6863794004052866,0.5999164015419546,0.0,0.4110665137614679,0.29733768105506897,0.0
f81fb0204834:0,30,metadata,0.0,0.7630308044112097,0.744005985423495,0.0,0.4543004587155963,0.5731462836265564,0.0
f81fb0204834:0,30,nearest,0.0,0.38122644232385694,0.27508225908256134,0.875,0.0020642201834862386,0.9467490911483765,1.0
f81fb0204834:0,30,inverse,0.3333333333333333,0.6341187087514968,0.5974186107923837,0.0,0.3002293577981652,0.4986596703529358,0.0
f81fb0204834:0,30,band_nofit,1.0,0.6679052857006793,0.5974186107923837,0.0,0.2979931192660551,0.2830420434474945,0.0
f81fb0204834:0,30,golddigger,1.0,0.6679052857006793,0.5974186107923837,0.0,0.2979931192660551,0.2830420434474945,0.0
f81fb0204834:0,50,random,0.0,0.6863794004052866,0.5999164015419546,0.0,0.4110665137614679,0.29733768105506897,0.0
f81fb0204834:0,50,metadata,0.0,0.7630308044112097,0.744005985423495,0.0,0.4543004587155963,0.5731462836265564,0.0
f81fb0204834:0,50,nearest,0.0,0.38122644232385694,0.27508225908256134,0.875,0.0020642201834862386,0.9467490911483765,1.0
f81fb0204834:0,50,inverse,0.3333333333333333,0.6348817964473132,0.4488726864009781,0.125,0.49977064220183487,0.31693434715270996,0.125
f81fb0204834:0,50,band_nofit,0.45454545454545453,0.6498748633639988,0.4488726864009781,0.125,0.5000573394495413,0.21472713351249695,0.125
f81fb0204834:0,50,golddigger,1.0,0.6688928936230638,0.6004172165981934,0.0,0.4997133027522936,0.2227974236011505,0.0
f81fb0204834:0,70,random,0.0,0.6863794004052866,0.5999164015419546,0.0,0.4110665137614679,0.29733768105506897,0.0
f81fb0204834:0,70,metadata,0.0,0.7630308044112097,0.744005985423495,0.0,0.4543004587155963,0.5731462836265564,0.0
f81fb0204834:0,70,nearest,0.0,0.38122644232385694,0.27508225908256134,0.875,0.0020642201834862386,0.9467490911483765,1.0
f81fb0204834:0,70,inverse,0.45454545454545453,0.6674958102091348,0.58484187217033,0.0,0.6997706422018348,0.2931235134601593,0.0
f81fb0204834:0,70,band_nofit,1.0,0.6678691387648792,0.58484187217033,0.0,0.7002866972477064,0.2504574954509735,0.0
f81fb0204834:0,70,golddigger,1.0,0.6678691387648792,0.58484187217033,0.0,0.7002866972477064,0.2504574954509735,0.0
f81fb0204834:0,90,random,0.0,0.6863794004052866,0.5999164015419546,0.0,0.4110665137614679,0.29733768105506897,0.0
f81fb0204834:0,90,metadata,0.0,0.7630308044112097,0.744005985423495,0.0,0.4543004587155963,0.5731462836265564,0.0
f81fb0204834:0,90,nearest,0.0,0.38122644232385694,0.27508225908256134,0.875,0.0020642201834862386,0.9467490911483765,1.0
f81fb0204834:0,90,inverse,0.3333333333333333,0.711643005145173,0.7091767074878991,0.0,0.899770642201835,0.4833312928676605,0.0
f81fb0204834:0,90,band_nofit,1.0,0.7109971904122767,0.7066048931684987,0.0,0.8992545871559634,0.30613723397254944,0.0
f81fb0204834:0,90,golddigger,1.0,0.7109971904122767,0.7066048931684987,0.0,0.8992545871559634,0.30613723397254944,0.0
9534bac011c2:0,10,random,0.0,0.665335411806661,0.5813699182229898,0.0,0.6155389908256881,0.28592604398727417,0.0
9534bac011c2:0,10,metadata,0.0,0.753116474950086,0.7483592095568108,0.0,0.8440940366972477,0.6129471659660339,0.0
9534bac011c2:0,10,nearest,0.0,0.6083103839348305,0.4765351157451604,0.0,0.0020642201834862386,0.7425511479377747,0.125
9534bac011c2:0,10,inverse,0.6,0.6711324975807187,0.5931403230019355,0.0,0.10022935779816514,0.4749690592288971,0.0
9534bac011c2:0,10,band_nofit,1.0,0.6816446070270671,0.5911352487242235,0.0,0.09982798165137616,0.3693026602268219,0.0
9534bac011c2:0,10,golddigger,1.0,0.6816446070270671,0.5911352487242235,0.0,0.09982798165137616,0.3693026602268219,0.0
9534bac011c2:0,30,random,0.0,0.665335411806661,0.5813699182229898,0.0,0.6155389908256881,0.28592604398727417,0.0
9534bac011c2:0,30,metadata,0.0,0.753116474950086,0.7483592095568108,0.0,0.8440940366972477,0.6129471659660339,0.0
9534bac011c2:0,30,nearest,0.0,0.6083103839348305,0.4765351157451604,0.0,0.0020642201834862386,0.7425511479377747,0.125
9534bac011c2:0,30,inverse,0.23076923076923078,0.6868917782318298,0.6009330853892193,0.0,0.3002293577981652,0.37985214591026306,0.0
9534bac011c2:0,30,band_nofit,1.0,0.674022737207019,0.5747637665398833,0.0,0.3010894495412844,0.24358606338500977,0.0
9534bac011c2:0,30,golddigger,1.0,0.674022737207019,0.5747637665398833,0.0,0.3010894495412844,0.24358606338500977,0.0
9534bac011c2:0,50,random,0.0,0.665335411806661,0.5813699182229898,0.0,0.6155389908256881,0.28592604398727417,0.0
9534bac011c2:0,50,metadata,0.0,0.753116474950086,0.7483592095568108,0.0,0.8440940366972477,0.6129471659660339,0.0
9534bac011c2:0,50,nearest,0.0,0.6083103839348305,0.4765351157451604,0.0,0.0020642201834862386,0.7425511479377747,0.125
9534bac011c2:0,50,inverse,0.23076923076923078,0.7106291383543544,0.7075907553663133,0.0,0.49977064220183487,0.3454403579235077,0.0
9534bac011c2:0,50,band_nofit,0.7777777777777778,0.6722058885840949,0.4489961258834067,0.125,0.49919724770642204,0.23682951927185059,0.125
9534bac011c2:0,50,golddigger,1.0,0.7044745438711768,0.6540930466892673,0.0,0.5001720183486239,0.2567196786403656,0.0
9534bac011c2:0,70,random,0.0,0.665335411806661,0.5813699182229898,0.0,0.6155389908256881,0.28592604398727417,0.0
9534bac011c2:0,70,metadata,0.0,0.753116474950086,0.7483592095568108,0.0,0.8440940366972477,0.6129471659660339,0.0
9534bac011c2:0,70,nearest,0.0,0.6083103839348305,0.4765351157451604,0.0,0.0020642201834862386,0.7425511479377747,0.125
9534bac011c2:0,70,inverse,0.6,0.6746010586359548,0.44772059030395017,0.125,0.6997706422018348,0.24460256099700928,0.125
9534bac011c2:0,70,band_nofit,1.0,0.7037957592172988,0.6807552106906241,0.0,0.6986811926605505,0.21423028409481049,0.0
9534bac011c2:0,70,golddigger,1.0,0.7037957592172988,0.6807552106906241,0.0,0.6986811926605505,0.21423028409481049,0.0
9534bac011c2:0,90,random,0.0,0.665335411806661,0.5813699182229898,0.0,0.6155389908256881,0.28592604398727417,0.0
9534bac011c2:0,90,metadata,0.0,0.753116474950086,0.7483592095568108,0.0,0.8440940366972477,0.6129471659660339,0.0
9534bac011c2:0,90,nearest,0.0,0.6083103839348305,0.4765351157451604,0.0,0.0020642201834862386,0.7425511479377747,0.125
9534bac011c2:0,90,inverse,0.3333333333333333,0.7019885349345037,0.6010886912281181,0.0,0.899770642201835,0.3832864463329315,0.0
9534bac011c2:0,90,band_nofit,1.0,0.7002235176404243,0.6605334014543368,0.0,0.8997706422018349,0.26798197627067566,0.0
9534bac011c2:0,90,golddigger,1.0,0.7002235176404243,0.6605334014543368,0.0,0.8997706422018349,0.26798197627067566,0.0
d8af8b802a33:0,10,random,0.0,0.6729159278399616,0.5564447270877438,0.0,0.4551605504587156,0.23600324988365173,0.0
d8af8b802a33:0,10,metadata,0.06666666666666667,0.7441527239222032,0.7331601022996547,0.0,0.17626146788990826,0.5935582518577576,0.0
d8af8b802a33:0,10,nearest,0.0,0.42467656930500675,0.39775776467980883,0.875,0.0020642201834862386,0.8677588105201721,1.0
d8af8b802a33:0,10,inverse,0.3333333333333333,0.6503123416380078,0.44921012137519406,0.125,0.10022935779816515,0.4889858365058899,0.125
d8af8b802a33:0,10,band_nofit,0.7777777777777778,0.6503873130936486,0.44921012137519406,0.125,0.09994266055045872,0.44155770540237427,0.125
d8af8b802a33:0,10,golddigger,1.0,0.6827480762999342,0.5656849193038882,0.0,0.10051605504587156,0.46609368920326233,0.0
d8af8b802a33:0,30,random,0.0,0.6729159278399616,0.5564447270877438,0.0,0.4551605504587156,0.23600324988365173,0.0
d8af8b802a33:0,30,metadata,0.0,0.7441527239222032,0.7331601022996547,0.0,0.17626146788990826,0.5935582518577576,0.0
d8af8b802a33:0,30,nearest,0.0,0.42467656930500675,0.39775776467980883,0.875,0.0020642201834862386,0.8677588105201721,1.0
d8af8b802a33:0,30,inverse,0.23076923076923078,0.6550354774194295,0.5753480112419778,0.0,0.2997706422018349,0.42699235677719116,0.0
d8af8b802a33:0,30,band_nofit,0.6,0.613475659882939,0.44837465876733956,0.25,0.2981651376146789,0.25762656331062317,0.25
d8af8b802a33:0,30,golddigger,1.0,0.6649121822492825,0.5753480112419778,0.0,0.2966743119266055,0.28496190905570984,0.0
d8af8b802a33:0,50,random,0.0,0.6729159278399616,0.5564447270877438,0.0,0.4551605504587156,0.23600324988365173,0.0
d8af8b802a33:0,50,metadata,0.0,0.7441527239222032,0.7331601022996547,0.0,0.17626146788990826,0.5935582518577576,0.0
d8af8b802a33:0,50,nearest,0.0,0.42467656930500675,0.39775776467980883,0.875,0.0020642201834862386,0.8677588105201721,1.0
d8af8b802a33:0,50,inverse,0.45454545454545453,0.7053765921379757,0.6589453062727285,0.0,0.49977064220183487,0.32923224568367004,0.0
d8af8b802a33:0,50,band_nofit,1.0,0.7049326544961428,0.6589453062727285,0.0,0.49954128440366974,0.2622896134853363,0.0
d8af8b802a33:0,50,golddigger,1.0,0.7049326544961428,0.6589453062727285,0.0,0.49954128440366974,0.2622896134853363,0.0
d8af8b802a33:0,70,random,0.0,0.6729159278399616,0.5564447270877438,0.0,0.4551605504587156,0.23600324988365173,0.0
d8af8b802a33:0,70,metadata,0.0,0.7441527239222032,0.7331601022996547,0.0,0.17626146788990826,0.5935582518577576,0.0
d8af8b802a33:0,70,nearest,0.0,0.42467656930500675,0.39775776467980883,0.875,0.0020642201834862386,0.8677588105201721,1.0
d8af8b802a33:0,70,inverse,0.14285714285714285,0.7125022913998931,0.7120167423305791,0.0,0.6997706422018348,0.6075271964073181,0.0
d8af8b802a33:0,70,band_nofit,1.0,0.7137007085103462,0.7112882045920939,0.0,0.6996559633027524,0.2427595853805542,0.0
d8af8b802a33:0,70,golddigger,1.0,0.7137007085103462,0.7112882045920939,0.0,0.6996559633027524,0.2427595853805542,0.0
d8af8b802a33:0,90,random,0.0,0.6729159278399616,0.5564447270877438,0.0,0.4551605504587156,0.23600324988365173,0.0
d8af8b802a33:0,90,metadata,0.0,0.7441527239222032,0.7331601022996547,0.0,0.17626146788990826,0.5935582518577576,0.0
d8af8b802a33:0,90,nearest,0.0,0.42467656930500675,0.39775776467980883,0.875,0.0020642201834862386,0.8677588105201721,1.0
d8af8b802a33:0,90,inverse,0.14285714285714285,0.6971680795230658,0.6009268105650939,0.0,0.899770642201835,0.5120338201522827,0.0
d8af8b802a33:0,90,band_nofit,1.0,0.6986411013810485,0.6009268105650939,0.0,0.9002866972477064,0.31448426842689514,0.0
d8af8b802a33:0,90,golddigger,1.0,0.6986411013810485,0.6009268105650939,0.0,0.9002866972477064,0.31448426842689514,0.0
89340d22faa0:0,10,random,0.0,0.5778622222344652,0.4489629755257404,0.375,0.5029243119266056,0.3445720672607422,0.5
89340d22faa0:0,10,metadata,0.0,0.7397410983476408,0.73855113792039,0.0,0.4860091743119267,0.5200275778770447,0.0
89340d22faa0:0,10,nearest,0.0,0.4538353303297544,0.44573488029228137,0.625,0.0020642201834862386,0.9104918837547302,1.0
89340d22faa0:0,10,inverse,0.06666666666666667,0.4818987150524098,0.44901742982986625,0.875,0.09977064220183486,0.4505537152290344,0.875
89340d22faa0:0,10,band_nofit,0.06666666666666667,0.4819341891282792,0.4489868260428721,0.875,0.10137614678899083,0.3456747829914093,0.875
89340d22faa0:0,10,golddigger,1.0,0.6930009005485032,0.5633002389516106,0.0,0.10126146788990827,0.42042961716651917,0.0
89340d22faa0:0,30,random,0.0,0.5778622222344652,0.4489629755257404,0.375,0.5029243119266056,0.3445720672607422,0.5
89340d22faa0:0,30,metadata,0.0,0.7397410983476408,0.73855113792039,0.0,0.4860091743119267,0.5200275778770447,0.0
89340d22faa0:0,30,nearest,0.0,0.4538353303297544,0.44573488029228137,0.625,0.0020642201834862386,0.9104918837547302,1.0
89340d22faa0:0,30,inverse,0.14285714285714285,0.4822974024450844,0.44773961576835786,0.75,0.3002293577981652,0.393814355134964,0.75
89340d22faa0:0,30,band_nofit,0.23076923076923078,0.5129559804599424,0.4467964992097745,0.625,0.30137614678899083,0.2695651948451996,0.625
89340d22faa0:0,30,golddigger,1.0,0.6627937034980897,0.5732945802022555,0.0,0.30126146788990826,0.27663809061050415,0.0
89340d22faa0:0,50,random,0.0,0.5778622222344652,0.4489629755257404,0.375,0.5029243119266056,0.3445720672607422,0.5
89340d22faa0:0,50,metadata,0.0,0.7397410983476408,0.73855113792039,0.0,0.4860091743119267,0.5200275778770447,0.0
89340d22faa0:0,50,nearest,0.0,0.4538353303297544,0.44573488029228137,0.625,0.0020642201834862386,0.9104918837547302,1.0
89340d22faa0:0,50,inverse,0.14285714285714285,0.5629057866912953,0.4491386259637778,0.5,0.49977064220183487,0.33448129892349243,0.5
89340d22faa0:0,50,band_nofit,0.45454545454545453,0.5810289757721554,0.44781738617678307,0.375,0.5013188073394496,0.21751448512077332,0.375
89340d22faa0:0,50,golddigger,1.0,0.6805713047843958,0.5950072217131878,0.0,0.4986238532110092,0.2660887539386749,0.0
89340d22faa0:0,70,random,0.0,0.5778622222344652,0.4489629755257404,0.375,0.5029243119266056,0.3445720672607422,0.5
89340d22faa0:0,70,metadata,0.0,0.7397410983476408,0.73855113792039,0.0,0.4860091743119267,0.5200275778770447,0.0
89340d22faa0:0,70,nearest,0.0,0.4538353303297544,0.44573488029228137,0.625,0.0020642201834862386,0.9104918837547302,1.0
89340d22faa0:0,70,inverse,0.3333333333333333,0.6936296893430147,0.6023271652662628,0.0,0.6997706422018348,0.5276461839675903,0.0
89340d22faa0:0,70,band_nofit,0.7777777777777778,0.664525221885298,0.44928778134788216,0.125,0.6993119266055047,0.26817944645881653,0.125
89340d22faa0:0,70,golddigger,1.0,0.664627774485304,0.45010820214793057,0.0,0.6981651376146789,0.269336998462677,0.125
89340d22faa0:0,90,random,0.0,0.5778622222344652,0.4489629755257404,0.375,0.5029243119266056,0.3445720672607422,0.5
89340d22faa0:0,90,metadata,0.0,0.7397410983476408,0.73855113792039,0.0,0.4860091743119267,0.5200275778770447,0.0
89340d22faa0:0,90,nearest,0.0,0.4538353303297544,0.44573488029228137,0.625,0.0020642201834862386,0.9104918837547302,1.0
89340d22faa0:0,90,inverse,0.3333333333333333,0.6798250733743461,0.5946117586489464,0.0,0.899770642201835,0.3769361972808838,0.0
89340d22faa0:0,90,band_nofit,0.7777777777777778,0.6350122583396719,0.44905305151643915,0.125,0.8991972477064221,0.23124659061431885,0.125
89340d22faa0:0,90,golddigger,1.0,0.6527913477473243,0.5912857667776589,0.0,0.9000573394495412,0.25629594922065735,0.0
c628e1877ba3:0,10,random,0.0,0.39751118709067024,0.11811120883464847,0.875,0.36875,0.32106032967567444,0.5
c628e1877ba3:0,10,metadata,0.0,0.7702141366737324,0.7391849517027717,0.0,0.3850917431192661,0.28960463404655457,0.0
c628e1877ba3:0,10,nearest,0.0,0.28586451381869205,0.1448985766132578,0.625,0.0020642201834862386,0.9221125841140747,1.0
c628e1877ba3:0,10,inverse,0.3333333333333333,0.4266751252944272,0.0531582986872058,0.5,0.09977064220183486,0.45930734276771545,0.5
c628e1877ba3:0,10,band_nofit,0.14285714285714285,0.4047556071548752,0.19088795737029496,0.75,0.09936926605504587,0.3865230977535248,0.625
c628e1877ba3:0,10,golddigger,1.0,0.6142804299358967,0.4515036006832547,0.0,0.10074541284403671,0.418727308511734,0.25
c628e1877ba3:0,30,random,0.0,0.39751118709067024,0.11811120883464847,0.875,0.36875,0.32106032967567444,0.5
c628e1877ba3:0,30,metadata,0.0,0.7702141366737324,0.7391849517027717,0.0,0.3850917431192661,0.28960463404655457,0.0
c628e1877ba3:0,30,nearest,0.0,0.28586451381869205,0.1448985766132578,0.625,0.0020642201834862386,0.9221125841140747,1.0
c628e1877ba3:0,30,inverse,0.3333333333333333,0.47705500389781597,0.24106135979511026,0.375,0.3002293577981652,0.41127723455429077,0.5
c628e1877ba3:0,30,band_nofit,0.6,0.5031305907140265,0.16009752875772196,0.25,0.29896788990825685,0.3494737446308136,0.375
c628e1877ba3:0,30,golddigger,1.0,0.599055110423377,0.45508496215542854,0.0,0.29908256880733947,0.3640630841255188,0.125
c628e1877ba3:0,50,random,0.0,0.39751118709067024,0.11811120883464847,0.875,0.36875,0.32106032967567444,0.5
c628e1877ba3:0,50,metadata,0.0,0.7702141366737324,0.7391849517027717,0.0,0.3850917431192661,0.28960463404655457,0.0
c628e1877ba3:0,50,nearest,0.0,0.28586451381869205,0.1448985766132578,0.625,0.0020642201834862386,0.9221125841140747,1.0
c628e1877ba3:0,50,inverse,0.06666666666666667,0.36182886357076577,0.19219365572263364,0.875,0.49977064220183487,0.4321971535682678,0.25
c628e1877ba3:0,50,band_nofit,0.3333333333333333,0.4748291667833586,0.10706630361180591,0.5,0.5015481651376147,0.3117070198059082,0.125
c628e1877ba3:0,50,golddigger,1.0,0.6449899839815009,0.4881307843578358,0.0,0.5049311926605505,0.3226092457771301,0.0
c628e1877ba3:0,70,random,0.0,0.39751118709067024,0.11811120883464847,0.875,0.36875,0.32106032967567444,0.5
c628e1877ba3:0,70,metadata,0.0,0.7702141366737324,0.7391849517027717,0.0,0.3850917431192661,0.28960463404655457,0.0
c628e1877ba3:0,70,nearest,0.0,0.28586451381869205,0.1448985766132578,0.625,0.0020642201834862386,0.9221125841140747,1.0
c628e1877ba3:0,70,inverse,0.14285714285714285,0.5193548211286425,0.18440895974000057,0.375,0.6997706422018348,0.48482808470726013,0.0
c628e1877ba3:0,70,band_nofit,0.6,0.5582597518640444,0.12093829551327132,0.25,0.6990252293577982,0.2891015410423279,0.125
c628e1877ba3:0,70,golddigger,1.0,0.6992661812963605,0.5683622520567266,0.0,0.7017775229357799,0.2454315423965454,0.0
c628e1877ba3:0,90,random,0.0,0.39751118709067024,0.11811120883464847,0.875,0.36875,0.32106032967567444,0.5
c628e1877ba3:0,90,metadata,0.0,0.7702141366737324,0.7391849517027717,0.0,0.3850917431192661,0.28960463404655457,0.0
c628e1877ba3:0,90,nearest,0.0,0.28586451381869205,0.1448985766132578,0.625,0.0020642201834862386,0.9221125841140747,1.0
c628e1877ba3:0,90,inverse,0.6,0.6495541615114371,0.19528180441045412,0.125,0.899770642201835,0.41809558868408203,0.0
c628e1877ba3:0,90,band_nofit,0.6,0.6063224580803823,0.19528180441045412,0.25,0.8997706422018349,0.35148555040359497,0.0
c628e1877ba3:0,90,golddigger,1.0,0.7141416938461085,0.7118412590126021,0.0,0.8980504587155964,0.3502853810787201,0.0
886056e76963:0,10,random,0.0,0.42934142158746147,0.08436692746605463,0.625,0.5245412844036698,0.3474486172199249,0.0
886056e76963:0,10,metadata,0.0,0.8451298082540661,0.8445079197125142,0.0,0.6251720183486238,0.4451139569282532,0.0
886056e76963:0,10,nearest,0.0,0.458425595409069,0.41652429192513957,0.5,0.0020642201834862386,0.9588309526443481,1.0
886056e76963:0,10,inverse,0.06666666666666667,0.3098769654179194,0.05323356900680514,0.625,0.10022935779816514,0.46235233545303345,0.75
886056e76963:0,10,band_nofit,0.45454545454545453,0.5000852367160996,0.11046146622162653,0.25,0.10252293577981653,0.30745795369148254,0.375
886056e76963:0,10,golddigger,1.0,0.6395135977968606,0.5138154727146176,0.0,0.10057339449541285,0.3133535385131836,0.125
886056e76963:0,30,random,0.0,0.42934142158746147,0.08436692746605463,0.625,0.5245412844036698,0.3474486172199249,0.0
886056e76963:0,30,metadata,0.0,0.8451298082540661,0.8445079197125142,0.0,0.6251720183486238,0.4451139569282532,0.0
886056e76963:0,30,nearest,0.0,0.458425595409069,0.41652429192513957,0.5,0.0020642201834862386,0.9588309526443481,1.0
886056e76963:0,30,inverse,0.23076923076923078,0.47001263881960964,0.16822522650003457,0.5,0.3002293577981652,0.3592491149902344,0.125
886056e76963:0,30,band_nofit,0.3333333333333333,0.5322445668322469,0.16822522650003457,0.25,0.30086009174311934,0.2814365029335022,0.125
886056e76963:0,30,golddigger,1.0,0.6739845664929724,0.5753157914548311,0.0,0.300802752293578,0.2847612798213959,0.0
886056e76963:0,50,random,0.0,0.42934142158746147,0.08436692746605463,0.625,0.5245412844036698,0.3474486172199249,0.0
886056e76963:0,50,metadata,0.0,0.8451298082540661,0.8445079197125142,0.0,0.6251720183486238,0.4451139569282532,0.0
886056e76963:0,50,nearest,0.0,0.458425595409069,0.41652429192513957,0.5,0.0020642201834862386,0.9588309526443481,1.0
886056e76963:0,50,inverse,0.06666666666666667,0.38271898699301177,0.1605208509288212,0.625,0.49977064220183487,0.4090644419193268,0.0
886056e76963:0,50,band_nofit,0.14285714285714285,0.4646061131428391,0.17961240256623182,0.5,0.5000573394495413,0.23135027289390564,0.0
886056e76963:0,50,golddigger,1.0,0.6482968049627048,0.4601222404478067,0.0,0.5013188073394496,0.2759726345539093,0.125
886056e76963:0,70,random,0.0,0.42934142158746147,0.08436692746605463,0.625,0.5245412844036698,0.3474486172199249,0.0
886056e76963:0,70,metadata,0.06666666666666667,0.8451298082540661,0.8445079197125142,0.0,0.6251720183486238,0.4451139569282532,0.0
886056e76963:0,70,nearest,0.0,0.458425595409069,0.41652429192513957,0.5,0.0020642201834862386,0.9588309526443481,1.0
886056e76963:0,70,inverse,0.45454545454545453,0.5255408307376204,0.08309679249825926,0.375,0.6997706422018348,0.2783373296260834,0.25
886056e76963:0,70,band_nofit,0.3333333333333333,0.4786548212520886,0.08309679249825926,0.5,0.7005733944954129,0.21862049400806427,0.25
886056e76963:0,70,golddigger,1.0,0.7187460276911254,0.6312085142776298,0.0,0.7017775229357799,0.2689020037651062,0.0
886056e76963:0,90,random,0.0,0.42934142158746147,0.08436692746605463,0.625,0.5245412844036698,0.3474486172199249,0.0
886056e76963:0,90,metadata,0.0,0.8451298082540661,0.8445079197125142,0.0,0.6251720183486238,0.4451139569282532,0.0
886056e76963:0,90,nearest,0.0,0.458425595409069,0.41652429192513957,0.5,0.0020642201834862386,0.9588309526443481,1.0
886056e76963:0,90,inverse,0.23076923076923078,0.5842794695834084,0.13897533776623613,0.375,0.899770642201835,0.3388678729534149,0.125
886056e76963:0,90,band_nofit,0.23076923076923078,0.5607178110676273,0.22370677162668082,0.375,0.8993692660550459,0.27895134687423706,0.0
886056e76963:0,90,golddigger,1.0,0.7266961388298894,0.5867319873468115,0.0,0.8985091743119267,0.29263848066329956,0.0
3b8cfb8e6c94:0,10,random,0.0,0.5305133511175051,0.1505841363950472,0.25,0.5904816513761468,0.318604052066803,0.125
3b8cfb8e6c94:0,10,metadata,0.0,0.7721861911324834,0.7421714439104313,0.0,0.5639908256880735,0.4366800785064697,0.0
3b8cfb8e6c94:0,10,nearest,0.0,0.3924403625848092,0.17956622956859614,0.625,0.0020642201834862386,0.8516553044319153,1.0
3b8cfb8e6c94:0,10,inverse,0.3333333333333333,0.4943069643409904,0.08364891111504057,0.375,0.09977064220183487,0.47074177861213684,0.125
3b8cfb8e6c94:0,10,band_nofit,0.3333333333333333,0.4293308931439761,0.08364891111504057,0.5,0.09931192660550459,0.4109550416469574,0.25
3b8cfb8e6c94:0,10,golddigger,1.0,0.6373886657145461,0.5073164158410294,0.0,0.09942660550458715,0.44977644085884094,0.0
3b8cfb8e6c94:0,30,random,0.0,0.5305133511175051,0.1505841363950472,0.25,0.5904816513761468,0.318604052066803,0.125
3b8cfb8e6c94:0,30,metadata,0.0,0.7721861911324834,0.7421714439104313,0.0,0.5639908256880735,0.4366800785064697,0.0
3b8cfb8e6c94:0,30,nearest,0.0,0.3924403625848092,0.17956622956859614,0.625,0.0020642201834862386,0.8516553044319153,1.0
3b8cfb8e6c94:0,30,inverse,0.23076923076923078,0.35969426525727555,0.07321214644585891,0.625,0.3002293577981652,0.47743678092956543,0.5
3b8cfb8e6c94:0,30,band_nofit,0.6,0.5332160619886315,0.07321214644585891,0.25,0.2994839449541285,0.28270700573921204,0.125
3b8cfb8e6c94:0,30,golddigger,1.0,0.6476048272032142,0.5629125475170889,0.0,0.29965596330275235,0.33754661679267883,0.0
3b8cfb8e6c94:0,50,random,0.0,0.5305133511175051,0.1505841363950472,0.25,0.5904816513761468,0.318604052066803,0.125
3b8cfb8e6c94:0,50,metadata,0.06666666666666667,0.7721861911324834,0.7421714439104313,0.0,0.5639908256880735,0.4366800785064697,0.0
3b8cfb8e6c94:0,50,nearest,0.0,0.3924403625848092,0.17956622956859614,0.625,0.0020642201834862386,0.8516553044319153,1.0
3b8cfb8e6c94:0,50,inverse,0.23076923076923078,0.3428637042739101,0.10630573539436151,0.625,0.49977064220183487,0.3414221405982971,0.5
3b8cfb8e6c94:0,50,band_nofit,0.3333333333333333,0.4926464394835002,0.10630573539436151,0.375,0.4993119266055046,0.25971826910972595,0.5
3b8cfb8e6c94:0,50,golddigger,1.0,0.6007683020109584,0.46203201418396184,0.0,0.49902522935779814,0.2782462537288666,0.125
3b8cfb8e6c94:0,70,random,0.0,0.5305133511175051,0.1505841363950472,0.25,0.5904816513761468,0.318604052066803,0.125
3b8cfb8e6c94:0,70,metadata,0.0,0.7721861911324834,0.7421714439104313,0.0,0.5639908256880735,0.4366800785064697,0.0
3b8cfb8e6c94:0,70,nearest,0.0,0.3924403625848092,0.17956622956859614,0.625,0.0020642201834862386,0.8516553044319153,1.0
3b8cfb8e6c94:0,70,inverse,0.23076923076923078,0.6124480149967908,0.4313532098162408,0.25,0.6997706422018348,0.28285855054855347,0.25
3b8cfb8e6c94:0,70,band_nofit,0.23076923076923078,0.6006038695935442,0.4313532098162408,0.25,0.6996559633027524,0.2233724594116211,0.25
3b8cfb8e6c94:0,70,golddigger,1.0,0.6156184332503525,0.45168048431090657,0.0,0.7021215596330276,0.25576019287109375,0.25
3b8cfb8e6c94:0,90,random,0.0,0.5305133511175051,0.1505841363950472,0.25,0.5904816513761468,0.318604052066803,0.125
3b8cfb8e6c94:0,90,metadata,0.0,0.7721861911324834,0.7421714439104313,0.0,0.5639908256880735,0.4366800785064697,0.0
3b8cfb8e6c94:0,90,nearest,0.0,0.3924403625848092,0.17956622956859614,0.625,0.0020642201834862386,0.8516553044319153,1.0
3b8cfb8e6c94:0,90,inverse,0.3333333333333333,0.49750654378063425,0.2371316800461803,0.375,0.899770642201835,0.37164050340652466,0.25
3b8cfb8e6c94:0,90,band_nofit,0.45454545454545453,0.5386734986215953,0.2371316800461803,0.25,0.8984518348623853,0.2553528845310211,0.125
3b8cfb8e6c94:0,90,golddigger,1.0,0.6660020746478472,0.45470659628459204,0.0,0.9003440366972477,0.29099106788635254,0.125
8a3627e470cf:0,10,random,0.0,0.35104884501572675,0.05320019017398327,0.625,0.47574541284403676,0.35395294427871704,0.25
8a3627e470cf:0,10,metadata,0.0,0.8502142357654886,0.8444824570095834,0.0,0.7535550458715596,0.328556090593338,0.0
8a3627e470cf:0,10,nearest,0.0,0.2745206617047866,0.11302792994882481,0.875,0.0020642201834862386,0.8765438795089722,1.0
8a3627e470cf:0,10,inverse,0.06666666666666667,0.23353979407393488,0.15636255876604158,0.875,0.09977064220183487,0.5835632085800171,0.375
8a3627e470cf:0,10,band_nofit,0.0,0.1810558749607215,0.11326720124610912,1.0,0.09982798165137616,0.46422791481018066,0.375
8a3627e470cf:0,10,golddigger,1.0,0.5025622744538252,0.4586771403169695,0.0,0.0981651376146789,0.5765847563743591,0.375
8a3627e470cf:0,30,random,0.0,0.35104884501572675,0.05320019017398327,0.625,0.47574541284403676,0.35395294427871704,0.25
8a3627e470cf:0,30,metadata,0.0,0.8502142357654886,0.8444824570095834,0.0,0.7535550458715596,0.328556090593338,0.0
8a3627e470cf:0,30,nearest,0.0,0.2745206617047866,0.11302792994882481,0.875,0.0020642201834862386,0.8765438795089722,1.0
8a3627e470cf:0,30,inverse,0.0,0.27686296449847236,0.2386607841103456,1.0,0.3002293577981652,0.3926924765110016,0.375
8a3627e470cf:0,30,band_nofit,0.06666666666666667,0.32689632230749305,0.17503351600887881,0.875,0.2982224770642202,0.29880285263061523,0.375
8a3627e470cf:0,30,golddigger,1.0,0.5622808299358563,0.45262276787533673,0.0,0.29518348623853213,0.3311628997325897,0.125
8a3627e470cf:0,50,random,0.0,0.35104884501572675,0.05320019017398327,0.625,0.47574541284403676,0.35395294427871704,0.25
8a3627e470cf:0,50,metadata,0.06666666666666667,0.8502142357654886,0.8444824570095834,0.0,0.7535550458715596,0.328556090593338,0.0
8a3627e470cf:0,50,nearest,0.0,0.2745206617047866,0.11302792994882481,0.875,0.0020642201834862386,0.8765438795089722,1.0
8a3627e470cf:0,50,inverse,0.3333333333333333,0.5210745227082747,0.1840401416410139,0.5,0.49977064220183487,0.3561123013496399,0.25
8a3627e470cf:0,50,band_nofit,0.6,0.6275171819528145,0.23729469493386832,0.25,0.499598623853211,0.2846921384334564,0.125
8a3627e470cf:0,50,golddigger,1.0,0.6991223105359994,0.5336480241545346,0.0,0.4982224770642202,0.28046247363090515,0.125
8a3627e470cf:0,70,random,0.0,0.35104884501572675,0.05320019017398327,0.625,0.47574541284403676,0.35395294427871704,0.25
8a3627e470cf:0,70,metadata,0.0,0.8502142357654886,0.8444824570095834,0.0,0.7535550458715596,0.328556090593338,0.0
8a3627e470cf:0,70,nearest,0.0,0.2745206617047866,0.11302792994882481,0.875,0.0020642201834862386,0.8765438795089722,1.0
8a3627e470cf:0,70,inverse,0.14285714285714285,0.42483035654796064,0.05208265571215432,0.5,0.6997706422018348,0.2878055274486542,0.125
8a3627e470cf:0,70,band_nofit,0.45454545454545453,0.5054791055319608,0.2485650278947372,0.375,0.7024082568807339,0.2362688034772873,0.0
8a3627e470cf:0,70,golddigger,1.0,0.6394281065054526,0.4553289519603074,0.0,0.700401376146789,0.22201962769031525,0.125
8a3627e470cf:0,90,random,0.0,0.35104884501572675,0.05320019017398327,0.625,0.47574541284403676,0.35395294427871704,0.25
8a3627e470cf:0,90,metadata,0.0,0.8502142357654886,0.8444824570095834,0.0,0.7535550458715596,0.328556090593338,0.0
8a3627e470cf:0,90,nearest,0.0,0.2745206617047866,0.11302792994882481,0.875,0.0020642201834862386,0.8765438795089722,1.0
8a3627e470cf:0,90,inverse,0.45454545454545453,0.600566658184505,0.2487067747119292,0.125,0.899770642201835,0.26933053135871887,0.0
8a3627e470cf:0,90,band_nofit,1.0,0.6379205331291471,0.4671158573225927,0.0,0.9005733944954128,0.24609382450580597,0.0
8a3627e470cf:0,90,golddigger,1.0,0.6379205331291471,0.4671158573225927,0.0,0.9005733944954128,0.24609382450580597,0.0
af7f8eab451e:0,10,random,0.0,0.5850296799387545,0.44920697680083677,0.375,0.4952981651376147,0.3288780748844147,0.375
af7f8eab451e:0,10,metadata,0.0,0.7378005905527062,0.736542552201642,0.0,0.45963302752293583,0.5200275778770447,0.0
af7f8eab451e:0,10,nearest,0.0,0.4537548902922749,0.4463525811561881,0.5,0.0020642201834862386,0.9004038572311401,1.0
af7f8eab451e:0,10,inverse,0.23076923076923078,0.5782116723499808,0.4489567326442909,0.5,0.09977064220183487,0.3700313866138458,0.5
af7f8eab451e:0,10,band_nofit,0.3333333333333333,0.5633127077946072,0.44917438873568766,0.5,0.10143348623853211,0.319286048412323,0.5
af7f8eab451e:0,10,golddigger,1.0,0.6770075602569529,0.5788697063338114,0.0,0.1015481651376147,0.46567580103874207,0.0
af7f8eab451e:0,30,random,0.0,0.5850296799387545,0.44920697680083677,0.375,0.4952981651376147,0.3288780748844147,0.375
af7f8eab451e:0,30,metadata,0.0,0.7378005905527062,0.736542552201642,0.0,0.45963302752293583,0.5200275778770447,0.0
af7f8eab451e:0,30,nearest,0.0,0.4537548902922749,0.4463525811561881,0.5,0.0020642201834862386,0.9004038572311401,1.0
af7f8eab451e:0,30,inverse,0.14285714285714285,0.512629034727647,0.4492356647932228,0.75,0.3002293577981652,0.32622238993644714,0.75
af7f8eab451e:0,30,band_nofit,0.14285714285714285,0.5305513036418777,0.44873841301493045,0.625,0.3003440366972477,0.2624988853931427,0.625
af7f8eab451e:0,30,golddigger,1.0,0.6663713740585042,0.5874133186489473,0.0,0.3006307339449541,0.27424007654190063,0.0
af7f8eab451e:0,50,random,0.0,0.5850296799387545,0.44920697680083677,0.375,0.4952981651376147,0.3288780748844147,0.375
af7f8eab451e:0,50,metadata,0.0,0.7378005905527062,0.736542552201642,0.0,0.45963302752293583,0.5200275778770447,0.0
af7f8eab451e:0,50,nearest,0.0,0.4537548902922749,0.4463525811561881,0.5,0.0020642201834862386,0.9004038572311401,1.0
af7f8eab451e:0,50,inverse,0.3333333333333333,0.5619119351478379,0.4474379447351552,0.5,0.49977064220183487,0.2553592324256897,0.5
af7f8eab451e:0,50,band_nofit,0.14285714285714285,0.5269807727806083,0.445234219135901,0.625,0.4982798165137615,0.22921954095363617,0.625
af7f8eab451e:0,50,golddigger,1.0,0.6465384468053594,0.4541570372222476,0.0,0.4996559633027523,0.2520837187767029,0.125
af7f8eab451e:0,70,random,0.0,0.5850296799387545,0.44920697680083677,0.375,0.4952981651376147,0.3288780748844147,0.375
af7f8eab451e:0,70,metadata,0.0,0.7378005905527062,0.736542552201642,0.0,0.45963302752293583,0.5200275778770447,0.0
af7f8eab451e:0,70,nearest,0.0,0.4537548902922749,0.4463525811561881,0.5,0.0020642201834862386,0.9004038572311401,1.0
af7f8eab451e:0,70,inverse,0.3333333333333333,0.6790561395273094,0.5990063644851313,0.0,0.6997706422018348,0.4620218873023987,0.0
af7f8eab451e:0,70,band_nofit,0.45454545454545453,0.5834751544610819,0.44923827934960037,0.375,0.7004587155963303,0.2803158164024353,0.375
af7f8eab451e:0,70,golddigger,1.0,0.684982439258869,0.5985019766926762,0.0,0.6997133027522936,0.33336687088012695,0.0
af7f8eab451e:0,90,random,0.0,0.5850296799387545,0.44920697680083677,0.375,0.4952981651376147,0.3288780748844147,0.375
af7f8eab451e:0,90,metadata,0.0,0.7378005905527062,0.736542552201642,0.0,0.45963302752293583,0.5200275778770447,0.0
af7f8eab451e:0,90,nearest,0.0,0.4537548902922749,0.4463525811561881,0.5,0.0020642201834862386,0.9004038572311401,1.0
af7f8eab451e:0,90,inverse,0.45454545454545453,0.6995149097810205,0.6174875462460347,0.0,0.899770642201835,0.46026310324668884,0.0
af7f8eab451e:0,90,band_nofit,0.6,0.63425576324127,0.4486548803954844,0.25,0.900802752293578,0.24566569924354553,0.25
af7f8eab451e:0,90,golddigger,1.0,0.6862310386354247,0.6011094107338386,0.0,0.9012041284403671,0.3253188729286194,0.0
65d6fca721e1:0,10,random,0.0,0.6869142376196723,0.6004946359628758,0.0,0.5180045871559633,0.2819370627403259,0.0
65d6fca721e1:0,10,metadata,0.0,0.7432810136955176,0.7417098598844365,0.0,0.5809059633027523,0.6426277160644531,0.0
65d6fca721e1:0,10,nearest,0.0,0.6515323792686741,0.4501662877580557,0.0,0.0020642201834862386,0.5916374921798706,0.125
65d6fca721e1:0,10,inverse,0.23076923076923078,0.6624172785744729,0.4616177379555961,0.0,0.09977064220183486,0.43546366691589355,0.125
65d6fca721e1:0,10,band_nofit,1.0,0.6936117829920692,0.5869584141877251,0.0,0.10120412844036697,0.32501620054244995,0.0
65d6fca721e1:0,10,golddigger,1.0,0.6936117829920692,0.5869584141877251,0.0,0.10120412844036697,0.32501620054244995,0.0
65d6fca721e1:0,30,random,0.0,0.6869142376196723,0.6004946359628758,0.0,0.5180045871559633,0.2819370627403259,0.0
65d6fca721e1:0,30,metadata,0.0,0.7432810136955176,0.7417098598844365,0.0,0.5809059633027523,0.6426277160644531,0.0
65d6fca721e1:0,30,nearest,0.0,0.6515323792686741,0.4501662877580557,0.0,0.0020642201834862386,0.5916374921798706,0.125
65d6fca721e1:0,30,inverse,0.3333333333333333,0.6969119336355502,0.6009022862408099,0.0,0.2997706422018349,0.3767261803150177,0.0
65d6fca721e1:0,30,band_nofit,1.0,0.684293231846858,0.5973324211861422,0.0,0.29913990825688075,0.2600833475589752,0.0
65d6fca721e1:0,30,golddigger,1.0,0.684293231846858,0.5973324211861422,0.0,0.29913990825688075,0.2600833475589752,0.0
65d6fca721e1:0,50,random,0.0,0.6869142376196723,0.6004946359628758,0.0,0.5180045871559633,0.2819370627403259,0.0
65d6fca721e1:0,50,metadata,0.0,0.7432810136955176,0.7417098598844365,0.0,0.5809059633027523,0.6426277160644531,0.0
65d6fca721e1:0,50,nearest,0.0,0.6515323792686741,0.4501662877580557,0.0,0.0020642201834862386,0.5916374921798706,0.125
65d6fca721e1:0,50,inverse,0.3333333333333333,0.6798814812566857,0.449245607180202,0.125,0.49977064220183487,0.3158414959907532,0.125
65d6fca721e1:0,50,band_nofit,0.45454545454545453,0.6668547657147303,0.449245607180202,0.125,0.4987385321100918,0.236537903547287,0.125
65d6fca721e1:0,50,golddigger,1.0,0.6985773643253941,0.6017933550539928,0.0,0.49856651376146793,0.22627700865268707,0.0
65d6fca721e1:0,70,random,0.0,0.6869142376196723,0.6004946359628758,0.0,0.5180045871559633,0.2819370627403259,0.0
65d6fca721e1:0,70,metadata,0.0,0.7432810136955176,0.7417098598844365,0.0,0.5809059633027523,0.6426277160644531,0.0
65d6fca721e1:0,70,nearest,0.0,0.6515323792686741,0.4501662877580557,0.0,0.0020642201834862386,0.5916374921798706,0.125
65d6fca721e1:0,70,inverse,0.45454545454545453,0.6654134545462609,0.5902763365579319,0.0,0.6997706422018348,0.3477555215358734,0.0
65d6fca721e1:0,70,band_nofit,1.0,0.6799734428811226,0.5992911700027925,0.0,0.700802752293578,0.25875332951545715,0.0
65d6fca721e1:0,70,golddigger,1.0,0.6799734428811226,0.5992911700027925,0.0,0.700802752293578,0.25875332951545715,0.0
65d6fca721e1:0,90,random,0.0,0.6869142376196723,0.6004946359628758,0.0,0.5180045871559633,0.2819370627403259,0.0
65d6fca721e1:0,90,metadata,0.0,0.7432810136955176,0.7417098598844365,0.0,0.5809059633027523,0.6426277160644531,0.0
65d6fca721e1:0,90,nearest,0.0,0.6515323792686741,0.4501662877580557,0.0,0.0020642201834862386,0.5916374921798706,0.125
65d6fca721e1:0,90,inverse,0.7777777777777778,0.7035327554032946,0.6798369268788509,0.0,0.899770642201835,0.35429149866104126,0.0
65d6fca721e1:0,90,band_nofit,1.0,0.7035717766104538,0.6798369268788509,0.0,0.8992545871559634,0.3169514834880829,0.0
65d6fca721e1:0,90,golddigger,1.0,0.7035717766104538,0.6798369268788509,0.0,0.8992545871559634,0.3169514834880829,0.0
40c48e5af7b5:0,10,random,0.0,0.59428982798884,0.5443619070361985,0.0,0.4125573394495413,0.3472808003425598,nan
40c48e5af7b5:0,10,metadata,0.0,0.6707883922555066,0.659059800851518,0.0,0.022075688073394495,0.6738757491111755,nan
40c48e5af7b5:0,10,nearest,0.0,0.4812267367379801,0.3926684647938262,0.25,0.0020642201834862386,0.9339248538017273,nan
40c48e5af7b5:0,10,inverse,0.14285714285714285,0.5816370089723464,0.5258262957628295,0.0,0.10022935779816514,0.6841715574264526,nan
40c48e5af7b5:0,10,band_nofit,1.0,0.5808497994234298,0.5166452075670408,0.0,0.09994266055045872,0.3158169388771057,nan
40c48e5af7b5:0,10,golddigger,1.0,0.5808497994234298,0.5166452075670408,0.0,0.09994266055045872,0.3158169388771057,nan
40c48e5af7b5:0,30,random,0.0,0.59428982798884,0.5443619070361985,0.0,0.4125573394495413,0.3472808003425598,nan
40c48e5af7b5:0,30,metadata,0.0,0.6707883922555066,0.659059800851518,0.0,0.022075688073394495,0.6738757491111755,nan
40c48e5af7b5:0,30,nearest,0.0,0.4812267367379801,0.3926684647938262,0.25,0.0020642201834862386,0.9339248538017273,nan
40c48e5af7b5:0,30,inverse,0.3333333333333333,0.5991357849715926,0.5801311460025041,0.0,0.2997706422018349,0.3150625228881836,nan
40c48e5af7b5:0,30,band_nofit,0.7777777777777778,0.5764061967101538,0.43677864315115006,0.125,0.2998853211009175,0.20856711268424988,nan
40c48e5af7b5:0,30,golddigger,1.0,0.5969289897706261,0.5801311460025041,0.0,0.2983944954128441,0.25929510593414307,nan
40c48e5af7b5:0,50,random,0.0,0.59428982798884,0.5443619070361985,0.0,0.4125573394495413,0.3472808003425598,nan
40c48e5af7b5:0,50,metadata,0.0,0.6707883922555066,0.659059800851518,0.0,0.022075688073394495,0.6738757491111755,nan
40c48e5af7b5:0,50,nearest,0.0,0.4812267367379801,0.3926684647938262,0.25,0.0020642201834862386,0.9339248538017273,nan
40c48e5af7b5:0,50,inverse,0.3333333333333333,0.5965033653590057,0.5758096933603264,0.0,0.49977064220183487,0.3253130614757538,nan
40c48e5af7b5:0,50,band_nofit,1.0,0.5994439143304031,0.5951419314118103,0.0,0.49954128440366974,0.2116030901670456,nan
40c48e5af7b5:0,50,golddigger,1.0,0.5994439143304031,0.5951419314118103,0.0,0.49954128440366974,0.2116030901670456,nan
40c48e5af7b5:0,70,random,0.0,0.59428982798884,0.5443619070361985,0.0,0.4125573394495413,0.3472808003425598,nan
40c48e5af7b5:0,70,metadata,0.0,0.6707883922555066,0.659059800851518,0.0,0.022075688073394495,0.6738757491111755,nan
40c48e5af7b5:0,70,nearest,0.0,0.4812267367379801,0.3926684647938262,0.25,0.0020642201834862386,0.9339248538017273,nan
40c48e5af7b5:0,70,inverse,0.14285714285714285,0.5933565462395864,0.5778400113609726,0.0,0.6997706422018348,0.4555986821651459,nan
40c48e5af7b5:0,70,band_nofit,1.0,0.5969676065221509,0.5778400113609726,0.0,0.699598623853211,0.28423044085502625,nan
40c48e5af7b5:0,70,golddigger,1.0,0.5969676065221509,0.5778400113609726,0.0,0.699598623853211,0.28423044085502625,nan
40c48e5af7b5:0,90,random,0.0,0.59428982798884,0.5443619070361985,0.0,0.4125573394495413,0.3472808003425598,nan
40c48e5af7b5:0,90,metadata,0.0,0.6707883922555066,0.659059800851518,0.0,0.022075688073394495,0.6738757491111755,nan
40c48e5af7b5:0,90,nearest,0.0,0.4812267367379801,0.3926684647938262,0.25,0.0020642201834862386,0.9339248538017273,nan
40c48e5af7b5:0,90,inverse,0.3333333333333333,0.5992007498133483,0.5956236871839625,0.0,0.899770642201835,0.514153242111206,nan
40c48e5af7b5:0,90,band_nofit,1.0,0.5997024165509652,0.5956236871839625,0.0,0.8986811926605505,0.29644307494163513,nan
40c48e5af7b5:0,90,golddigger,1.0,0.5997024165509652,0.5956236871839625,0.0,0.8986811926605505,0.29644307494163513,nan
f1e565e40757:0,10,random,0.0,0.5977940009921049,0.5777483154511059,0.0,0.5773509174311926,0.3341182768344879,nan
f1e565e40757:0,10,metadata,0.0,0.658300057738373,0.6579514871443295,0.0,0.0463302752293578,0.6528783440589905,nan
f1e565e40757:0,10,nearest,0.0,0.5445152579708302,0.49812183615828853,0.0,0.0020642201834862386,0.900733470916748,nan
f1e565e40757:0,10,inverse,0.23076923076923078,0.6043295945500013,0.583066053584704,0.0,0.09977064220183486,0.48129820823669434,nan
f1e565e40757:0,10,band_nofit,1.0,0.6041883826513837,0.598139589052572,0.0,0.10229357798165138,0.3037432134151459,nan
f1e565e40757:0,10,golddigger,1.0,0.6041883826513837,0.598139589052572,0.0,0.10229357798165138,0.3037432134151459,nan
f1e565e40757:0,30,random,0.0,0.5977940009921049,0.5777483154511059,0.0,0.5773509174311926,0.3341182768344879,nan
f1e565e40757:0,30,metadata,0.0,0.658300057738373,0.6579514871443295,0.0,0.0463302752293578,0.6528783440589905,nan
f1e565e40757:0,30,nearest,0.0,0.5445152579708302,0.49812183615828853,0.0,0.0020642201834862386,0.900733470916748,nan
f1e565e40757:0,30,inverse,0.14285714285714285,0.5993285320223309,0.582712147471517,0.0,0.3002293577981652,0.40967872738838196,nan
f1e565e40757:0,30,band_nofit,1.0,0.5918839051162348,0.5374540002200892,0.0,0.30280963302752295,0.23946312069892883,nan
f1e565e40757:0,30,golddigger,1.0,0.5918839051162348,0.5374540002200892,0.0,0.30280963302752295,0.23946312069892883,nan
f1e565e40757:0,50,random,0.0,0.5977940009921049,0.5777483154511059,0.0,0.5773509174311926,0.3341182768344879,nan
f1e565e40757:0,50,metadata,0.0,0.658300057738373,0.6579514871443295,0.0,0.0463302752293578,0.6528783440589905,nan
f1e565e40757:0,50,nearest,0.0,0.5445152579708302,0.49812183615828853,0.0,0.0020642201834862386,0.900733470916748,nan
f1e565e40757:0,50,inverse,0.45454545454545453,0.5874341981688072,0.509837290155732,0.0,0.49977064220183487,0.31723710894584656,nan
f1e565e40757:0,50,band_nofit,1.0,0.5886281103083175,0.509837290155732,0.0,0.5,0.22829440236091614,nan
f1e565e40757:0,50,golddigger,1.0,0.5886281103083175,0.509837290155732,0.0,0.5,0.22829440236091614,nan
f1e565e40757:0,70,random,0.0,0.5977940009921049,0.5777483154511059,0.0,0.5773509174311926,0.3341182768344879,nan
f1e565e40757:0,70,metadata,0.0,0.658300057738373,0.6579514871443295,0.0,0.0463302752293578,0.6528783440589905,nan
f1e565e40757:0,70,nearest,0.0,0.5445152579708302,0.49812183615828853,0.0,0.0020642201834862386,0.900733470916748,nan
f1e565e40757:0,70,inverse,0.45454545454545453,0.6033778734036701,0.6008612603730745,0.0,0.6997706422018348,0.3457973003387451,nan
f1e565e40757:0,70,band_nofit,1.0,0.6002146362216911,0.5726842179485986,0.0,0.7005733944954129,0.23409922420978546,nan
f1e565e40757:0,70,golddigger,1.0,0.6002146362216911,0.5726842179485986,0.0,0.7005733944954129,0.23409922420978546,nan
f1e565e40757:0,90,random,0.0,0.5977940009921049,0.5777483154511059,0.0,0.5773509174311926,0.3341182768344879,nan
f1e565e40757:0,90,metadata,0.0,0.658300057738373,0.6579514871443295,0.0,0.0463302752293578,0.6528783440589905,nan
f1e565e40757:0,90,nearest,0.0,0.5445152579708302,0.49812183615828853,0.0,0.0020642201834862386,0.900733470916748,nan
f1e565e40757:0,90,inverse,0.14285714285714285,0.6014927846820632,0.5998597836105019,0.0,0.899770642201835,0.47155919671058655,nan
f1e565e40757:0,90,band_nofit,1.0,0.5936889202041716,0.5627127278518136,0.0,0.8985091743119267,0.22558586299419403,nan
f1e565e40757:0,90,golddigger,1.0,0.5936889202041716,0.5627127278518136,0.0,0.8985091743119267,0.22558586299419403,nan
46b16051fb02:0,10,random,0.0,0.6624057158773067,0.449292898669611,0.125,0.5850917431192661,0.2914867103099823,0.125
46b16051fb02:0,10,metadata,0.0,0.74084757058158,0.7397123520737728,0.0,0.3411697247706422,0.6034398078918457,0.0
46b16051fb02:0,10,nearest,0.0,0.4406327789226262,0.41479914235856596,0.625,0.0020642201834862386,0.8702431321144104,1.0
46b16051fb02:0,10,inverse,0.3333333333333333,0.6434581672168296,0.566200130345692,0.0,0.09977064220183487,0.5208671689033508,0.0
46b16051fb02:0,10,band_nofit,1.0,0.6337685453286513,0.5667832808749165,0.0,0.09902522935779817,0.4692690670490265,0.0
46b16051fb02:0,10,golddigger,1.0,0.6337685453286513,0.5667832808749165,0.0,0.09902522935779817,0.4692690670490265,0.0
46b16051fb02:0,30,random,0.0,0.6624057158773067,0.449292898669611,0.125,0.5850917431192661,0.2914867103099823,0.125
46b16051fb02:0,30,metadata,0.06666666666666667,0.74084757058158,0.7397123520737728,0.0,0.3411697247706422,0.6034398078918457,0.0
46b16051fb02:0,30,nearest,0.0,0.4406327789226262,0.41479914235856596,0.625,0.0020642201834862386,0.8702431321144104,1.0
46b16051fb02:0,30,inverse,0.14285714285714285,0.682817449379389,0.5746871617835393,0.0,0.3002293577981652,0.5796394944190979,0.0
46b16051fb02:0,30,band_nofit,1.0,0.6739384747560951,0.5890429792314008,0.0,0.30143348623853217,0.3026156723499298,0.0
46b16051fb02:0,30,golddigger,1.0,0.6739384747560951,0.5890429792314008,0.0,0.30143348623853217,0.3026156723499298,0.0
46b16051fb02:0,50,random,0.0,0.6624057158773067,0.449292898669611,0.125,0.5850917431192661,0.2914867103099823,0.125
46b16051fb02:0,50,metadata,0.0,0.74084757058158,0.7397123520737728,0.0,0.3411697247706422,0.6034398078918457,0.0
46b16051fb02:0,50,nearest,0.0,0.4406327789226262,0.41479914235856596,0.625,0.0020642201834862386,0.8702431321144104,1.0
46b16051fb02:0,50,inverse,0.45454545454545453,0.6634790844192948,0.44885950389027934,0.125,0.49977064220183487,0.35287776589393616,0.125
46b16051fb02:0,50,band_nofit,0.3333333333333333,0.6583064874908042,0.44885950389027934,0.125,0.4987385321100918,0.22444646060466766,0.125
46b16051fb02:0,50,golddigger,1.0,0.6918189494625588,0.6001790597781893,0.0,0.5005160550458716,0.28242677450180054,0.0
46b16051fb02:0,70,random,0.0,0.6624057158773067,0.449292898669611,0.125,0.5850917431192661,0.2914867103099823,0.125
46b16051fb02:0,70,metadata,0.0,0.74084757058158,0.7397123520737728,0.0,0.3411697247706422,0.6034398078918457,0.0
46b16051fb02:0,70,nearest,0.0,0.4406327789226262,0.41479914235856596,0.625,0.0020642201834862386,0.8702431321144104,1.0
46b16051fb02:0,70,inverse,0.23076923076923078,0.6795910789307049,0.44920502093887277,0.125,0.6997706422018348,0.4584546387195587,0.125
46b16051fb02:0,70,band_nofit,0.6,0.6773579844054378,0.44920502093887277,0.125,0.7022935779816515,0.31719857454299927,0.125
46b16051fb02:0,70,golddigger,1.0,0.710469645014995,0.6953694808517521,0.0,0.7004587155963302,0.35514092445373535,0.0
46b16051fb02:0,90,random,0.0,0.6624057158773067,0.449292898669611,0.125,0.5850917431192661,0.2914867103099823,0.125
46b16051fb02:0,90,metadata,0.0,0.74084757058158,0.7397123520737728,0.0,0.3411697247706422,0.6034398078918457,0.0
46b16051fb02:0,90,nearest,0.0,0.4406327789226262,0.41479914235856596,0.625,0.0020642201834862386,0.8702431321144104,1.0
46b16051fb02:0,90,inverse,0.23076923076923078,0.6980936763352716,0.6010508978707277,0.0,0.899770642201835,0.417658269405365,0.0
46b16051fb02:0,90,band_nofit,0.7777777777777778,0.6772067880494269,0.44919363663582385,0.125,0.8987385321100918,0.27237340807914734,0.125
46b16051fb02:0,90,golddigger,1.0,0.7100862575287017,0.6992759472837008,0.0,0.8986811926605505,0.2886752486228943,0.0
815271272601:0,10,random,0.0,0.4874228604525218,0.10535346385204952,0.375,0.4569954128440367,0.33620768785476685,0.25
815271272601:0,10,metadata,0.0,0.8619681175587168,0.856498678478341,0.0,0.18405963302752296,0.5310490131378174,0.0
815271272601:0,10,nearest,0.0,0.3099765871163236,0.05510489011232278,0.875,0.0020642201834862386,0.9201908707618713,1.0
815271272601:0,10,inverse,0.23076923076923078,0.5601458985316885,0.2006696392161769,0.375,0.10022935779816514,0.5353459119796753,0.25
815271272601:0,10,band_nofit,0.23076923076923078,0.4057223881674151,0.051953555218899015,0.625,0.10057339449541285,0.43452927470207214,0.375
815271272601:0,10,golddigger,1.0,0.735622273022531,0.5314440414077235,0.0,0.10418577981651378,0.45861443877220154,0.125
815271272601:0,30,random,0.0,0.4874228604525218,0.10535346385204952,0.375,0.4569954128440367,0.33620768785476685,0.25
815271272601:0,30,metadata,0.0,0.8619681175587168,0.856498678478341,0.0,0.18405963302752296,0.5310490131378174,0.0
815271272601:0,30,nearest,0.0,0.3099765871163236,0.05510489011232278,0.875,0.0020642201834862386,0.9201908707618713,1.0
815271272601:0,30,inverse,0.3333333333333333,0.5189047948981963,0.2008770277976431,0.375,0.3002293577981652,0.4114019572734833,0.125
815271272601:0,30,band_nofit,0.6,0.6070166529392415,0.20082261233957976,0.25,0.3002293577981652,0.33774518966674805,0.125
815271272601:0,30,golddigger,1.0,0.657197351991911,0.5133292371585384,0.0,0.30194954128440366,0.33627453446388245,0.125
815271272601:0,50,random,0.0,0.4874228604525218,0.10535346385204952,0.375,0.4569954128440367,0.33620768785476685,0.25
815271272601:0,50,metadata,0.0,0.8619681175587168,0.856498678478341,0.0,0.18405963302752296,0.5310490131378174,0.0
815271272601:0,50,nearest,0.0,0.3099765871163236,0.05510489011232278,0.875,0.0020642201834862386,0.9201908707618713,1.0
815271272601:0,50,inverse,0.23076923076923078,0.7076584703951027,0.5233687305195052,0.0,0.49977064220183487,0.3421034812927246,0.0
815271272601:0,50,band_nofit,0.23076923076923078,0.6247544207712468,0.2412526773660701,0.375,0.5001146788990826,0.23548884689807892,0.125
815271272601:0,50,golddigger,1.0,0.7361500392419404,0.526548457836434,0.0,0.49925458715596327,0.31113165616989136,0.0
815271272601:0,70,random,0.0,0.4874228604525218,0.10535346385204952,0.375,0.4569954128440367,0.33620768785476685,0.25
815271272601:0,70,metadata,0.0,0.8619681175587168,0.856498678478341,0.0,0.18405963302752296,0.5310490131378174,0.0
815271272601:0,70,nearest,0.0,0.3099765871163236,0.05510489011232278,0.875,0.0020642201834862386,0.9201908707618713,1.0
815271272601:0,70,inverse,0.14285714285714285,0.521033019664779,0.0706787566101836,0.375,0.6997706422018348,0.24535275995731354,0.125
815271272601:0,70,band_nofit,0.23076923076923078,0.5548662700680527,0.0706787566101836,0.375,0.6989105504587156,0.19965235888957977,0.125
815271272601:0,70,golddigger,1.0,0.6716813939165267,0.4647619819329144,0.0,0.6999426605504588,0.2659722566604614,0.0
815271272601:0,90,random,0.0,0.4874228604525218,0.10535346385204952,0.375,0.4569954128440367,0.33620768785476685,0.25
815271272601:0,90,metadata,0.0,0.8619681175587168,0.856498678478341,0.0,0.18405963302752296,0.5310490131378174,0.0
815271272601:0,90,nearest,0.0,0.3099765871163236,0.05510489011232278,0.875,0.0020642201834862386,0.9201908707618713,1.0
815271272601:0,90,inverse,0.3333333333333333,0.5437407941593855,0.10535346385204952,0.25,0.899770642201835,0.4711894690990448,0.0
815271272601:0,90,band_nofit,1.0,0.7031345276386861,0.5056685330974284,0.0,0.9001146788990826,0.34312018752098083,0.0
815271272601:0,90,golddigger,1.0,0.7031345276386861,0.5056685330974284,0.0,0.9001146788990826,0.34312018752098083,0.0
21e8a41091cb:0,10,random,0.0,0.47140988307545617,0.13629153849505823,0.5,0.6738532110091744,0.3864002525806427,0.125
21e8a41091cb:0,10,metadata,0.0,0.844569161705426,0.844460513255156,0.0,0.8134174311926606,0.5598341226577759,0.0
21e8a41091cb:0,10,nearest,0.0,0.3689415465782818,0.05323154334240232,0.625,0.0020642201834862386,0.9505851864814758,1.0
21e8a41091cb:0,10,inverse,0.06666666666666667,0.4151609188014055,0.16747528865042915,0.5,0.09977064220183486,0.533851683139801,0.125
21e8a41091cb:0,10,band_nofit,0.45454545454545453,0.5018546382825132,0.16747528865042915,0.375,0.10166284403669726,0.4021711051464081,0.25
21e8a41091cb:0,10,golddigger,1.0,0.589577927640161,0.4592565420251065,0.0,0.10235091743119266,0.3988751769065857,0.125
21e8a41091cb:0,30,random,0.0,0.47140988307545617,0.13629153849505823,0.5,0.6738532110091744,0.3864002525806427,0.125
21e8a41091cb:0,30,metadata,0.0,0.844569161705426,0.844460513255156,0.0,0.8134174311926606,0.5598341226577759,0.0
21e8a41091cb:0,30,nearest,0.0,0.3689415465782818,0.05323154334240232,0.625,0.0020642201834862386,0.9505851864814758,1.0
21e8a41091cb:0,30,inverse,0.23076923076923078,0.3222282226922665,0.05309866642305302,0.625,0.2997706422018349,0.3564334213733673,0.5
21e8a41091cb:0,30,band_nofit,0.23076923076923078,0.3707028480915177,0.051033133349161944,0.625,0.3023509174311927,0.3337917923927307,0.5
21e8a41091cb:0,30,golddigger,1.0,0.6467634130994038,0.45342446844484685,0.0,0.3001720183486239,0.3185793459415436,0.125
21e8a41091cb:0,50,random,0.0,0.47140988307545617,0.13629153849505823,0.5,0.6738532110091744,0.3864002525806427,0.125
21e8a41091cb:0,50,metadata,0.0,0.844569161705426,0.844460513255156,0.0,0.8134174311926606,0.5598341226577759,0.0
21e8a41091cb:0,50,nearest,0.0,0.3689415465782818,0.05323154334240232,0.625,0.0020642201834862386,0.9505851864814758,1.0
21e8a41091cb:0,50,inverse,0.3333333333333333,0.4228616392149985,0.1344780236881213,0.375,0.49977064220183487,0.4454863369464874,0.375
21e8a41091cb:0,50,band_nofit,0.45454545454545453,0.4934280799748165,0.05307843132604426,0.375,0.4999426605504588,0.2314763367176056,0.375
21e8a41091cb:0,50,golddigger,1.0,0.6398468749300483,0.5040362344708285,0.0,0.5023509174311926,0.23598967492580414,0.125
21e8a41091cb:0,70,random,0.0,0.47140988307545617,0.13629153849505823,0.5,0.6738532110091744,0.3864002525806427,0.125
21e8a41091cb:0,70,metadata,0.0,0.844569161705426,0.844460513255156,0.0,0.8134174311926606,0.5598341226577759,0.0
21e8a41091cb:0,70,nearest,0.0,0.3689415465782818,0.05323154334240232,0.625,0.0020642201834862386,0.9505851864814758,1.0
21e8a41091cb:0,70,inverse,0.14285714285714285,0.6784348028825653,0.4248378290753379,0.125,0.6997706422018348,0.4444442689418793,0.0
21e8a41091cb:0,70,band_nofit,0.6,0.5973797848796496,0.22312155945760856,0.25,0.7003440366972478,0.31187301874160767,0.0
21e8a41091cb:0,70,golddigger,1.0,0.6760046576341642,0.4991259555500761,0.0,0.7009747706422018,0.3298338055610657,0.0
21e8a41091cb:0,90,random,0.0,0.47140988307545617,0.13629153849505823,0.5,0.6738532110091744,0.3864002525806427,0.125
21e8a41091cb:0,90,metadata,0.0,0.844569161705426,0.844460513255156,0.0,0.8134174311926606,0.5598341226577759,0.0
21e8a41091cb:0,90,nearest,0.0,0.3689415465782818,0.05323154334240232,0.625,0.0020642201834862386,0.9505851864814758,1.0
21e8a41091cb:0,90,inverse,0.23076923076923078,0.43343072943817695,0.0837020740690962,0.625,0.899770642201835,0.5093019604682922,0.0
21e8a41091cb:0,90,band_nofit,0.45454545454545453,0.5415600634694688,0.0837020740690962,0.25,0.9001720183486239,0.3082526624202728,0.0
21e8a41091cb:0,90,golddigger,1.0,0.6370799947553725,0.5036702825635186,0.0,0.9021788990825688,0.3254678249359131,0.0
5a183d8fe5e6:0,10,random,0.0,0.6368529535247238,0.4374878768553994,0.125,0.6267775229357799,0.4076926112174988,0.125
5a183d8fe5e6:0,10,metadata,0.0,0.7269115392259946,0.7260551044361262,0.0,0.5383027522935779,0.5490914583206177,0.0
5a183d8fe5e6:0,10,nearest,0.0,0.44707712045709014,0.41978928161806034,0.75,0.0020642201834862386,0.9632200598716736,1.0
5a183d8fe5e6:0,10,inverse,0.3333333333333333,0.5420440726112288,0.40375758411824614,0.375,0.09977064220183487,0.5712310075759888,0.5
5a183d8fe5e6:0,10,band_nofit,0.3333333333333333,0.5349383316688977,0.4384602885647713,0.375,0.10022935779816514,0.5978279709815979,0.5
5a183d8fe5e6:0,10,golddigger,1.0,0.5567313975846299,0.45014298458886026,0.0,0.10086009174311927,0.5863838791847229,0.375
5a183d8fe5e6:0,30,random,0.0,0.6368529535247238,0.4374878768553994,0.125,0.6267775229357799,0.4076926112174988,0.125
5a183d8fe5e6:0,30,metadata,0.0,0.7269115392259946,0.7260551044361262,0.0,0.5383027522935779,0.5490914583206177,0.0
5a183d8fe5e6:0,30,nearest,0.0,0.44707712045709014,0.41978928161806034,0.75,0.0020642201834862386,0.9632200598716736,1.0
5a183d8fe5e6:0,30,inverse,0.3333333333333333,0.64118348706408,0.45161952739356387,0.0,0.2997706422018349,0.33486130833625793,0.125
5a183d8fe5e6:0,30,band_nofit,0.3333333333333333,0.610633861209748,0.42945897201088373,0.25,0.3002293577981652,0.29517635703086853,0.25
5a183d8fe5e6:0,30,golddigger,1.0,0.6142913705805984,0.45161952739356387,0.0,0.29908256880733947,0.26862984895706177,0.25
5a183d8fe5e6:0,50,random,0.0,0.6368529535247238,0.4374878768553994,0.125,0.6267775229357799,0.4076926112174988,0.125
5a183d8fe5e6:0,50,metadata,0.0,0.7269115392259946,0.7260551044361262,0.0,0.5383027522935779,0.5490914583206177,0.0
5a183d8fe5e6:0,50,nearest,0.0,0.44707712045709014,0.41978928161806034,0.75,0.0020642201834862386,0.9632200598716736,1.0
5a183d8fe5e6:0,50,inverse,0.23076923076923078,0.6780132760669608,0.4519729434809377,0.0,0.49977064220183487,0.37563440203666687,0.125
5a183d8fe5e6:0,50,band_nofit,1.0,0.6611341553818657,0.4519729434809377,0.0,0.502408256880734,0.24887630343437195,0.125
5a183d8fe5e6:0,50,golddigger,1.0,0.6611341553818657,0.4519729434809377,0.0,0.502408256880734,0.24887630343437195,0.125
5a183d8fe5e6:0,70,random,0.0,0.6368529535247238,0.4374878768553994,0.125,0.6267775229357799,0.4076926112174988,0.125
5a183d8fe5e6:0,70,metadata,0.0,0.7269115392259946,0.7260551044361262,0.0,0.5383027522935779,0.5490914583206177,0.0
5a183d8fe5e6:0,70,nearest,0.0,0.44707712045709014,0.41978928161806034,0.75,0.0020642201834862386,0.9632200598716736,1.0
5a183d8fe5e6:0,70,inverse,0.23076923076923078,0.6662811387383379,0.45870850140845776,0.0,0.6997706422018348,0.3874454200267792,0.125
5a183d8fe5e6:0,70,band_nofit,1.0,0.6326267355394146,0.45355783157975327,0.0,0.698967889908257,0.20756496489048004,0.25
5a183d8fe5e6:0,70,golddigger,1.0,0.6326267355394146,0.45355783157975327,0.0,0.698967889908257,0.20756496489048004,0.25
5a183d8fe5e6:0,90,random,0.0,0.6368529535247238,0.4374878768553994,0.125,0.6267775229357799,0.4076926112174988,0.125
5a183d8fe5e6:0,90,metadata,0.06666666666666667,0.7269115392259946,0.7260551044361262,0.0,0.5383027522935779,0.5490914583206177,0.0
5a183d8fe5e6:0,90,nearest,0.0,0.44707712045709014,0.41978928161806034,0.75,0.0020642201834862386,0.9632200598716736,1.0
5a183d8fe5e6:0,90,inverse,0.3333333333333333,0.6426757483456363,0.6008401537295808,0.0,0.899770642201835,0.44453778862953186,0.0
5a183d8fe5e6:0,90,band_nofit,0.7777777777777778,0.6401668834740649,0.44907606389187243,0.125,0.8982798165137615,0.2656819224357605,0.125
5a183d8fe5e6:0,90,golddigger,1.0,0.6730287049044786,0.5995758025836244,0.0,0.8986811926605505,0.29590925574302673,0.0
2ba5200e71b4:0,10,random,0.0,0.5490177060395323,0.4362616517074524,0.5,0.29432339449541284,0.3393201231956482,0.5
2ba5200e71b4:0,10,metadata,0.0,0.7717167696905809,0.7714350635808127,0.0,0.5526949541284405,0.832198977470398,0.0
2ba5200e71b4:0,10,nearest,0.0,0.45272090175732593,0.44399486457396764,0.875,0.0020642201834862386,0.8355474472045898,1.0
2ba5200e71b4:0,10,inverse,0.23076923076923078,0.5912354205260292,0.43534857176458874,0.375,0.10022935779816515,0.44761282205581665,0.375
2ba5200e71b4:0,10,band_nofit,0.45454545454545453,0.5949695392136141,0.43534857176458874,0.375,0.10045871559633028,0.4205734431743622,0.375
2ba5200e71b4:0,10,golddigger,1.0,0.6313844653404814,0.450532584827976,0.0,0.09868119266055046,0.43674251437187195,0.25
2ba5200e71b4:0,30,random,0.0,0.5490177060395323,0.4362616517074524,0.5,0.29432339449541284,0.3393201231956482,0.5
2ba5200e71b4:0,30,metadata,0.0,0.7717167696905809,0.7714350635808127,0.0,0.5526949541284405,0.832198977470398,0.0
2ba5200e71b4:0,30,nearest,0.0,0.45272090175732593,0.44399486457396764,0.875,0.0020642201834862386,0.8355474472045898,1.0
2ba5200e71b4:0,30,inverse,0.14285714285714285,0.5957871090501456,0.44284958174872024,0.25,0.2997706422018349,0.3863089084625244,0.25
2ba5200e71b4:0,30,band_nofit,0.6,0.5967074117225146,0.42885151894558876,0.25,0.2989105504587156,0.2508631646633148,0.25
2ba5200e71b4:0,30,golddigger,1.0,0.6659184986883443,0.536218752901883,0.0,0.3002293577981652,0.28270867466926575,0.0
2ba5200e71b4:0,50,random,0.0,0.5490177060395323,0.4362616517074524,0.5,0.29432339449541284,0.3393201231956482,0.5
2ba5200e71b4:0,50,metadata,0.0,0.7717167696905809,0.7714350635808127,0.0,0.5526949541284405,0.832198977470398,0.0
2ba5200e71b4:0,50,nearest,0.0,0.45272090175732593,0.44399486457396764,0.875,0.0020642201834862386,0.8355474472045898,1.0
2ba5200e71b4:0,50,inverse,0.45454545454545453,0.6979230346695434,0.5979470219175262,0.0,0.49977064220183487,0.2705499827861786,0.0
2ba5200e71b4:0,50,band_nofit,0.6,0.6490090625887628,0.44281037018736746,0.125,0.49931192660550466,0.23406441509723663,0.125
2ba5200e71b4:0,50,golddigger,1.0,0.6948760699914991,0.590280974312627,0.0,0.49850917431192665,0.24645818769931793,0.0
2ba5200e71b4:0,70,random,0.0,0.5490177060395323,0.4362616517074524,0.5,0.29432339449541284,0.3393201231956482,0.5
2ba5200e71b4:0,70,metadata,0.0,0.7717167696905809,0.7714350635808127,0.0,0.5526949541284405,0.832198977470398,0.0
2ba5200e71b4:0,70,nearest,0.0,0.45272090175732593,0.44399486457396764,0.875,0.0020642201834862386,0.8355474472045898,1.0
2ba5200e71b4:0,70,inverse,0.23076923076923078,0.6699779095348887,0.6005134622706684,0.0,0.6997706422018348,0.35047850012779236,0.0
2ba5200e71b4:0,70,band_nofit,1.0,0.6666231036005035,0.6005143241141722,0.0,0.6999426605504587,0.2923528850078583,0.0
2ba5200e71b4:0,70,golddigger,1.0,0.6666231036005035,0.6005143241141722,0.0,0.6999426605504587,0.2923528850078583,0.0
2ba5200e71b4:0,90,random,0.0,0.5490177060395323,0.4362616517074524,0.5,0.29432339449541284,0.3393201231956482,0.5
2ba5200e71b4:0,90,metadata,0.0,0.7717167696905809,0.7714350635808127,0.0,0.5526949541284405,0.832198977470398,0.0
2ba5200e71b4:0,90,nearest,0.0,0.45272090175732593,0.44399486457396764,0.875,0.0020642201834862386,0.8355474472045898,1.0
2ba5200e71b4:0,90,inverse,0.23076923076923078,0.6844977835600305,0.6007550916911398,0.0,0.899770642201835,0.5226362347602844,0.0
2ba5200e71b4:0,90,band_nofit,1.0,0.6837720704686496,0.5948692812100158,0.0,0.9025802752293578,0.3535741865634918,0.0
2ba5200e71b4:0,90,golddigger,1.0,0.6837720704686496,0.5948692812100158,0.0,0.9025802752293578,0.3535741865634918,0.0
c3cc6d88f505:0,10,random,0.0,0.5172057561853434,0.41976383895980207,0.625,0.3021788990825688,0.3207656443119049,0.625
c3cc6d88f505:0,10,metadata,0.0,0.736122946874049,0.7241687386254683,0.0,0.5329128440366973,0.5299549102783203,0.0
c3cc6d88f505:0,10,nearest,0.0,0.44695676526636063,0.4115508324135508,0.625,0.0020642201834862386,0.9333420395851135,1.0
c3cc6d88f505:0,10,inverse,0.23076923076923078,0.5360759383349945,0.43242009590430625,0.375,0.10022935779816514,0.4226268231868744,0.625
c3cc6d88f505:0,10,band_nofit,0.3333333333333333,0.5384390419772498,0.4240393566949297,0.375,0.10177752293577982,0.3819417953491211,0.5
c3cc6d88f505:0,10,golddigger,1.0,0.5773381756370533,0.45003645452208835,0.0,0.0996559633027523,0.41188764572143555,0.25
c3cc6d88f505:0,30,random,0.0,0.5172057561853434,0.41976383895980207,0.625,0.3021788990825688,0.3207656443119049,0.625
c3cc6d88f505:0,30,metadata,0.0,0.736122946874049,0.7241687386254683,0.0,0.5329128440366973,0.5299549102783203,0.0
c3cc6d88f505:0,30,nearest,0.0,0.44695676526636063,0.4115508324135508,0.625,0.0020642201834862386,0.9333420395851135,1.0
c3cc6d88f505:0,30,inverse,0.45454545454545453,0.6321145700625889,0.4441825099483363,0.25,0.2997706422018349,0.2934545576572418,0.25
c3cc6d88f505:0,30,band_nofit,0.45454545454545453,0.6375334375939716,0.4497692268327021,0.125,0.2998279816513762,0.26248612999916077,0.125
c3cc6d88f505:0,30,golddigger,1.0,0.6585145106537881,0.4500182361122636,0.0,0.29913990825688075,0.28266671299934387,0.125
c3cc6d88f505:0,50,random,0.0,0.5172057561853434,0.41976383895980207,0.625,0.3021788990825688,0.3207656443119049,0.625
c3cc6d88f505:0,50,metadata,0.0,0.736122946874049,0.7241687386254683,0.0,0.5329128440366973,0.5299549102783203,0.0
c3cc6d88f505:0,50,nearest,0.0,0.44695676526636063,0.4115508324135508,0.625,0.0020642201834862386,0.9333420395851135,1.0
c3cc6d88f505:0,50,inverse,0.14285714285714285,0.7109316409960997,0.708099383342709,0.0,0.49977064220183487,0.4755856990814209,0.0
c3cc6d88f505:0,50,band_nofit,1.0,0.6806195078702167,0.5980437208275018,0.0,0.4998279816513762,0.2706911861896515,0.0
c3cc6d88f505:0,50,golddigger,1.0,0.6806195078702167,0.5980437208275018,0.0,0.4998279816513762,0.2706911861896515,0.0
c3cc6d88f505:0,70,random,0.0,0.5172057561853434,0.41976383895980207,0.625,0.3021788990825688,0.3207656443119049,0.625
c3cc6d88f505:0,70,metadata,0.0,0.736122946874049,0.7241687386254683,0.0,0.5329128440366973,0.5299549102783203,0.0
c3cc6d88f505:0,70,nearest,0.0,0.44695676526636063,0.4115508324135508,0.625,0.0020642201834862386,0.9333420395851135,1.0
c3cc6d88f505:0,70,inverse,0.3333333333333333,0.6654734672876474,0.4499956839870425,0.125,0.6997706422018348,0.396982878446579,0.125
c3cc6d88f505:0,70,band_nofit,1.0,0.665166850201479,0.4512773283769402,0.0,0.6961009174311927,0.2906835973262787,0.125
c3cc6d88f505:0,70,golddigger,1.0,0.665166850201479,0.4512773283769402,0.0,0.6961009174311927,0.2906835973262787,0.125
c3cc6d88f505:0,90,random,0.0,0.5172057561853434,0.41976383895980207,0.625,0.3021788990825688,0.3207656443119049,0.625
c3cc6d88f505:0,90,metadata,0.0,0.736122946874049,0.7241687386254683,0.0,0.5329128440366973,0.5299549102783203,0.0
c3cc6d88f505:0,90,nearest,0.0,0.44695676526636063,0.4115508324135508,0.625,0.0020642201834862386,0.9333420395851135,1.0
c3cc6d88f505:0,90,inverse,0.23076923076923078,0.698342681837361,0.6009344404416065,0.0,0.899770642201835,0.678624153137207,0.0
c3cc6d88f505:0,90,band_nofit,0.7777777777777778,0.6492142642402712,0.4344635186609035,0.125,0.8993692660550459,0.30721142888069153,0.125
c3cc6d88f505:0,90,golddigger,1.0,0.6700300761343756,0.5971581669238739,0.0,0.8981651376146789,0.321196049451828,0.0
72508dac497d:0,10,random,0.0,0.484075399310018,0.17282999431180682,0.5,0.40842889908256885,0.4088141918182373,0.0
72508dac497d:0,10,metadata,0.06666666666666667,0.8164127726761492,0.796655679088289,0.0,0.1213876146788991,0.5551027655601501,0.0
72508dac497d:0,10,nearest,0.0,0.3078117691066207,0.10848769719320181,1.0,0.0020642201834862386,0.907329261302948,1.0
72508dac497d:0,10,inverse,0.14285714285714285,0.6020886800747508,0.22313584257619715,0.25,0.10022935779816514,0.5370262861251831,0.25
72508dac497d:0,10,band_nofit,0.3333333333333333,0.4483456505645853,0.17120082499160744,0.5,0.10074541284403671,0.4016337990760803,0.25
72508dac497d:0,10,golddigger,1.0,0.6627819574828632,0.49879348997973844,0.0,0.09764908256880735,0.420393168926239,0.125
72508dac497d:0,30,random,0.0,0.484075399310018,0.17282999431180682,0.5,0.40842889908256885,0.4088141918182373,0.0
72508dac497d:0,30,metadata,0.0,0.8164127726761492,0.796655679088289,0.0,0.1213876146788991,0.5551027655601501,0.0
72508dac497d:0,30,nearest,0.0,0.3078117691066207,0.10848769719320181,1.0,0.0020642201834862386,0.907329261302948,1.0
72508dac497d:0,30,inverse,0.23076923076923078,0.4508322042853563,0.06225676523848556,0.5,0.3002293577981652,0.4415070116519928,0.625
72508dac497d:0,30,band_nofit,0.45454545454545453,0.5239654151476432,0.32944161409673267,0.375,0.30063073394495415,0.34293848276138306,0.375
72508dac497d:0,30,golddigger,1.0,0.6229424382555224,0.46648425079022565,0.0,0.3022935779816514,0.30917781591415405,0.125
72508dac497d:0,50,random,0.0,0.484075399310018,0.17282999431180682,0.5,0.40842889908256885,0.4088141918182373,0.0
72508dac497d:0,50,metadata,0.0,0.8164127726761492,0.796655679088289,0.0,0.1213876146788991,0.5551027655601501,0.0
72508dac497d:0,50,nearest,0.0,0.3078117691066207,0.10848769719320181,1.0,0.0020642201834862386,0.907329261302948,1.0
72508dac497d:0,50,inverse,0.23076923076923078,0.5961870908807979,0.34011951340361807,0.25,0.49977064220183487,0.5035266280174255,0.0
72508dac497d:0,50,band_nofit,0.45454545454545453,0.570622941852515,0.34011951340361807,0.25,0.4982224770642202,0.25625449419021606,0.125
72508dac497d:0,50,golddigger,1.0,0.6559393878814427,0.45064686536476056,0.0,0.498795871559633,0.27514657378196716,0.125
72508dac497d:0,70,random,0.0,0.484075399310018,0.17282999431180682,0.5,0.40842889908256885,0.4088141918182373,0.0
72508dac497d:0,70,metadata,0.0,0.8164127726761492,0.796655679088289,0.0,0.1213876146788991,0.5551027655601501,0.0
72508dac497d:0,70,nearest,0.0,0.3078117691066207,0.10848769719320181,1.0,0.0020642201834862386,0.907329261302948,1.0
72508dac497d:0,70,inverse,0.45454545454545453,0.6792533892749737,0.6007363023304843,0.0,0.6997706422018348,0.3025532066822052,0.0
72508dac497d:0,70,band_nofit,0.7777777777777778,0.6279664709370187,0.38628503197906816,0.125,0.7002866972477064,0.20190446078777313,0.0
72508dac497d:0,70,golddigger,1.0,0.668726133073984,0.600853351407386,0.0,0.700802752293578,0.24346017837524414,0.0
72508dac497d:0,90,random,0.0,0.484075399310018,0.17282999431180682,0.5,0.40842889908256885,0.4088141918182373,0.0
72508dac497d:0,90,metadata,0.0,0.8164127726761492,0.796655679088289,0.0,0.1213876146788991,0.5551027655601501,0.0
72508dac497d:0,90,nearest,0.0,0.3078117691066207,0.10848769719320181,1.0,0.0020642201834862386,0.907329261302948,1.0
72508dac497d:0,90,inverse,0.23076923076923078,0.69891135228454,0.605040369379554,0.0,0.899770642201835,0.36928853392601013,0.0
72508dac497d:0,90,band_nofit,0.45454545454545453,0.5579983612398572,0.05342944005662665,0.25,0.9001146788990826,0.2028876543045044,0.25
72508dac497d:0,90,golddigger,1.0,0.6812865557967057,0.45663417819761565,0.0,0.8997133027522937,0.25801658630371094,0.125
